2026-07-26 06:58:39,563 org.owasp.dependencycheck.utils.Settings:1104
DEBUG - Setting: odc.application.name='dependency-check-cli'
2026-07-26 06:58:39,566 org.owasp.dependencycheck.utils.Settings:1104
DEBUG - Setting: data.directory='C:\Users\jsoni\Downloads\dependency-check-12.2.2-release\dependency-check\data'
2026-07-26 06:58:39,569 org.owasp.dependencycheck.utils.Settings:1104
DEBUG - Setting: analyzer.jar.enabled='true'
2026-07-26 06:58:39,572 org.owasp.dependencycheck.utils.Settings:1104
DEBUG - Setting: updater.versioncheck.enabled='true'
2026-07-26 06:58:39,572 org.owasp.dependencycheck.utils.Settings:1104
DEBUG - Setting: analyzer.msbuildproject.enabled='true'
2026-07-26 06:58:39,572 org.owasp.dependencycheck.utils.Settings:1104
DEBUG - Setting: analyzer.archive.enabled='true'
2026-07-26 06:58:39,572 org.owasp.dependencycheck.utils.Settings:1104
DEBUG - Setting: analyzer.knownexploited.enabled='true'
2026-07-26 06:58:39,572 org.owasp.dependencycheck.utils.Settings:1104
DEBUG - Setting: analyzer.python.distribution.enabled='true'
2026-07-26 06:58:39,572 org.owasp.dependencycheck.utils.Settings:1104
DEBUG - Setting: analyzer.python.package.enabled='true'
2026-07-26 06:58:39,572 org.owasp.dependencycheck.utils.Settings:1104
DEBUG - Setting: analyzer.autoconf.enabled='true'
2026-07-26 06:58:39,572 org.owasp.dependencycheck.utils.Settings:1104
DEBUG - Setting: analyzer.maveninstall.enabled='true'
2026-07-26 06:58:39,572 org.owasp.dependencycheck.utils.Settings:1104
DEBUG - Setting: analyzer.pe.enabled='true'
2026-07-26 06:58:39,572 org.owasp.dependencycheck.utils.Settings:1104
DEBUG - Setting: analyzer.pip.enabled='true'
2026-07-26 06:58:39,577 org.owasp.dependencycheck.utils.Settings:1104
DEBUG - Setting: analyzer.pipfile.enabled='true'
2026-07-26 06:58:39,577 org.owasp.dependencycheck.utils.Settings:1104
DEBUG - Setting: analyzer.poetry.enabled='true'
2026-07-26 06:58:39,577 org.owasp.dependencycheck.utils.Settings:1104
DEBUG - Setting: analyzer.cmake.enabled='true'
2026-07-26 06:58:39,577 org.owasp.dependencycheck.utils.Settings:1104
DEBUG - Setting: analyzer.nuspec.enabled='true'
2026-07-26 06:58:39,577 org.owasp.dependencycheck.utils.Settings:1104
DEBUG - Setting: analyzer.nugetconf.enabled='true'
2026-07-26 06:58:39,577 org.owasp.dependencycheck.utils.Settings:1104
DEBUG - Setting: analyzer.assembly.enabled='true'
2026-07-26 06:58:39,577 org.owasp.dependencycheck.utils.Settings:1104
DEBUG - Setting: analyzer.bundle.audit.enabled='true'
2026-07-26 06:58:39,577 org.owasp.dependencycheck.utils.Settings:1104
DEBUG - Setting: analyzer.filename.enabled='true'
2026-07-26 06:58:39,577 org.owasp.dependencycheck.utils.Settings:1104
DEBUG - Setting: analyzer.mix.audit.enabled='true'
2026-07-26 06:58:39,577 org.owasp.dependencycheck.utils.Settings:1104
DEBUG - Setting: analyzer.openssl.enabled='true'
2026-07-26 06:58:39,577 org.owasp.dependencycheck.utils.Settings:1104
DEBUG - Setting: analyzer.composer.lock.enabled='true'
2026-07-26 06:58:39,577 org.owasp.dependencycheck.utils.Settings:1104
DEBUG - Setting: analyzer.cpanfile.enabled='true'
2026-07-26 06:58:39,577 org.owasp.dependencycheck.utils.Settings:1104
DEBUG - Setting: analyzer.golang.dep.enabled='true'
2026-07-26 06:58:39,577 org.owasp.dependencycheck.utils.Settings:1104
DEBUG - Setting: analyzer.golang.mod.enabled='true'
2026-07-26 06:58:39,577 org.owasp.dependencycheck.utils.Settings:1104
DEBUG - Setting: analyzer.dart.enabled='true'
2026-07-26 06:58:39,577 org.owasp.dependencycheck.utils.Settings:1104
DEBUG - Setting: analyzer.node.package.enabled='true'
2026-07-26 06:58:39,585 org.owasp.dependencycheck.utils.Settings:1104
DEBUG - Setting: analyzer.node.audit.enabled='true'
2026-07-26 06:58:39,585 org.owasp.dependencycheck.utils.Settings:1104
DEBUG - Setting: analyzer.yarn.audit.enabled='true'
2026-07-26 06:58:39,585 org.owasp.dependencycheck.utils.Settings:1104
DEBUG - Setting: analyzer.pnpm.audit.enabled='true'
2026-07-26 06:58:39,585 org.owasp.dependencycheck.utils.Settings:1104
DEBUG - Setting: analyzer.node.audit.use.cache='true'
2026-07-26 06:58:39,585 org.owasp.dependencycheck.utils.Settings:1104
DEBUG - Setting: analyzer.retirejs.enabled='true'
2026-07-26 06:58:39,585 org.owasp.dependencycheck.utils.Settings:1104
DEBUG - Setting: analyzer.swift.package.manager.enabled='true'
2026-07-26 06:58:39,585 org.owasp.dependencycheck.utils.Settings:1104
DEBUG - Setting: analyzer.swift.package.resolved.enabled='true'
2026-07-26 06:58:39,585 org.owasp.dependencycheck.utils.Settings:1104
DEBUG - Setting: analyzer.cocoapods.enabled='true'
2026-07-26 06:58:39,585 org.owasp.dependencycheck.utils.Settings:1104
DEBUG - Setting: analyzer.carthage.enabled='true'
2026-07-26 06:58:39,585 org.owasp.dependencycheck.utils.Settings:1104
DEBUG - Setting: analyzer.ruby.gemspec.enabled='true'
2026-07-26 06:58:39,585 org.owasp.dependencycheck.utils.Settings:1104
DEBUG - Setting: analyzer.central.enabled='true'
2026-07-26 06:58:39,585 org.owasp.dependencycheck.utils.Settings:1104
DEBUG - Setting: analyzer.central.use.cache='true'
2026-07-26 06:58:39,585 org.owasp.dependencycheck.utils.Settings:1104
DEBUG - Setting: analyzer.ossindex.enabled='true'
2026-07-26 06:58:39,585 org.owasp.dependencycheck.utils.Settings:1104
DEBUG - Setting: analyzer.ossindex.use.cache='true'
2026-07-26 06:58:39,585 org.owasp.dependencycheck.utils.Settings:1104
DEBUG - Setting: junit.fail.on.cvss='0.0'
2026-07-26 06:58:39,585 org.owasp.dependencycheck.utils.Settings:1104
DEBUG - Setting: analyzer.nexus.proxy='true'
2026-07-26 06:58:39,585 org.owasp.dependencycheck.utils.Settings:1104
DEBUG - Setting: hosted.suppressions.enabled='true'
2026-07-26 06:58:39,594 org.owasp.dependencycheck.utils.Settings:1104
DEBUG - Setting: odc.autoupdate='true'
2026-07-26 06:58:39,773 org.owasp.dependencycheck.analyzer.AnalyzerService:113
DEBUG - Loaded Analyzer Archive Analyzer
2026-07-26 06:58:39,773 org.owasp.dependencycheck.analyzer.AnalyzerService:113
DEBUG - Loaded Analyzer File Name Analyzer
2026-07-26 06:58:39,773 org.owasp.dependencycheck.analyzer.AnalyzerService:113
DEBUG - Loaded Analyzer Jar Analyzer
2026-07-26 06:58:39,773 org.owasp.dependencycheck.analyzer.AnalyzerService:113
DEBUG - Loaded Analyzer Hint Analyzer
2026-07-26 06:58:39,773 org.owasp.dependencycheck.analyzer.AnalyzerService:113
DEBUG - Loaded Analyzer CPE Analyzer
2026-07-26 06:58:39,773 org.owasp.dependencycheck.analyzer.AnalyzerService:113
DEBUG - Loaded Analyzer False Positive Analyzer
2026-07-26 06:58:39,781 org.owasp.dependencycheck.analyzer.AnalyzerService:113
DEBUG - Loaded Analyzer Dependency Bundling Analyzer
2026-07-26 06:58:39,781 org.owasp.dependencycheck.analyzer.AnalyzerService:113
DEBUG - Loaded Analyzer Dependency Merging Analyzer
2026-07-26 06:58:39,781 org.owasp.dependencycheck.analyzer.AnalyzerService:113
DEBUG - Loaded Analyzer NVD CVE Analyzer
2026-07-26 06:58:39,781 org.owasp.dependencycheck.analyzer.AnalyzerService:113
DEBUG - Loaded Analyzer Vulnerability Suppression Analyzer
2026-07-26 06:58:39,781 org.owasp.dependencycheck.analyzer.AnalyzerService:113
DEBUG - Loaded Analyzer Central Analyzer
2026-07-26 06:58:39,781 org.owasp.dependencycheck.analyzer.AnalyzerService:113
DEBUG - Loaded Analyzer Nexus Analyzer
2026-07-26 06:58:39,781 org.owasp.dependencycheck.analyzer.AnalyzerService:113
DEBUG - Loaded Analyzer Artifactory Analyzer
2026-07-26 06:58:39,781 org.owasp.dependencycheck.analyzer.AnalyzerService:113
DEBUG - Loaded Analyzer Nuspec Analyzer
2026-07-26 06:58:39,781 org.owasp.dependencycheck.analyzer.AnalyzerService:113
DEBUG - Loaded Analyzer Nugetconf Analyzer
2026-07-26 06:58:39,781 org.owasp.dependencycheck.analyzer.AnalyzerService:113
DEBUG - Loaded Analyzer MSBuild Project Analyzer
2026-07-26 06:58:39,781 org.owasp.dependencycheck.analyzer.AnalyzerService:113
DEBUG - Loaded Analyzer Assembly Analyzer
2026-07-26 06:58:39,789 org.owasp.dependencycheck.analyzer.AnalyzerService:113
DEBUG - Loaded Analyzer OpenSSL Source Analyzer
2026-07-26 06:58:39,789 org.owasp.dependencycheck.analyzer.AnalyzerService:113
DEBUG - Loaded Analyzer Node Package Analyzer
2026-07-26 06:58:39,789 org.owasp.dependencycheck.analyzer.AnalyzerService:113
DEBUG - Loaded Analyzer Node Audit Analyzer
2026-07-26 06:58:39,789 org.owasp.dependencycheck.analyzer.AnalyzerService:113
DEBUG - Loaded Analyzer Yarn Audit Analyzer
2026-07-26 06:58:39,789 org.owasp.dependencycheck.analyzer.AnalyzerService:113
DEBUG - Loaded Analyzer Pnpm Audit Analyzer
2026-07-26 06:58:39,789 org.owasp.dependencycheck.analyzer.AnalyzerService:113
DEBUG - Loaded Analyzer RetireJS Analyzer
2026-07-26 06:58:39,797 org.owasp.dependencycheck.analyzer.AnalyzerService:113
DEBUG - Loaded Analyzer Ruby Bundle Audit Analyzer
2026-07-26 06:58:39,797 org.owasp.dependencycheck.analyzer.AnalyzerService:113
DEBUG - Loaded Analyzer Version Filter Analyzer
2026-07-26 06:58:39,797 org.owasp.dependencycheck.analyzer.AnalyzerService:113
DEBUG - Loaded Analyzer Sonatype OSS Index Analyzer
2026-07-26 06:58:39,831 org.owasp.dependencycheck.analyzer.AnalyzerService:113
DEBUG - Loaded Analyzer Known Exploited Vulnerability Analyzer
2026-07-26 06:58:39,831 org.owasp.dependencycheck.analyzer.AnalyzerService:113
DEBUG - Loaded Analyzer Unused Suppression Rule Analyzer
2026-07-26 06:58:39,831 org.owasp.dependencycheck.analyzer.AnalyzerService:113
DEBUG - Loaded Analyzer Libman Analyzer
2026-07-26 06:58:39,839 org.owasp.dependencycheck.utils.Settings:1305
DEBUG - Settings.getDataFile() - file: 'C:\Users\jsoni\Downloads\dependency-check-12.2.2-release\dependency-check\data'
2026-07-26 06:58:39,986 org.owasp.dependencycheck.utils.Settings:1305
DEBUG - Settings.getDataFile() - file: 'C:\Users\jsoni\Downloads\dependency-check-12.2.2-release\dependency-check\data'
2026-07-26 06:58:39,986 org.owasp.dependencycheck.utils.Settings:1580
DEBUG - Data directory: C:\Users\jsoni\Downloads\dependency-check-12.2.2-release\dependency-check\data
2026-07-26 06:58:39,986 org.owasp.dependencycheck.utils.Settings:1596
DEBUG - Connection String: 'jdbc:h2:file:C:\Users\jsoni\Downloads\dependency-check-12.2.2-release\dependency-check\data\odc;AUTOCOMMIT=ON;CACHE_SIZE=65536;RETENTION_TIME=1000;MAX_COMPACT_TIME=10000;'
2026-07-26 06:58:39,986 org.owasp.dependencycheck.utils.Settings:1305
DEBUG - Settings.getDataFile() - file: 'C:\Users\jsoni\Downloads\dependency-check-12.2.2-release\dependency-check\data'
2026-07-26 06:58:40,019 org.owasp.dependencycheck.utils.WriteLock:168
DEBUG - Lock file created (main) 24794742cd46945a7814b0bbf4585ab0 @ 2026-07-26 06:58:40.019
2026-07-26 06:58:40,036 org.owasp.dependencycheck.data.nvdcve.DatabaseManager:143
DEBUG - Loading driver 'org.h2.Driver'
2026-07-26 06:58:40,044 org.owasp.dependencycheck.utils.Settings:1305
DEBUG - Settings.getDataFile() - file: 'C:\Users\jsoni\Downloads\dependency-check-12.2.2-release\dependency-check\data'
2026-07-26 06:58:40,044 org.owasp.dependencycheck.utils.Settings:1580
DEBUG - Data directory: C:\Users\jsoni\Downloads\dependency-check-12.2.2-release\dependency-check\data
2026-07-26 06:58:40,044 org.owasp.dependencycheck.utils.Settings:1596
DEBUG - Connection String: 'jdbc:h2:file:C:\Users\jsoni\Downloads\dependency-check-12.2.2-release\dependency-check\data\odc;AUTOCOMMIT=ON;CACHE_SIZE=65536;RETENTION_TIME=1000;MAX_COMPACT_TIME=10000;'
2026-07-26 06:58:40,044 org.owasp.dependencycheck.utils.Settings:1305
DEBUG - Settings.getDataFile() - file: 'C:\Users\jsoni\Downloads\dependency-check-12.2.2-release\dependency-check\data'
2026-07-26 06:58:40,044 org.owasp.dependencycheck.data.nvdcve.DatabaseManager:172
DEBUG - Need to create DB Structure: true
2026-07-26 06:58:40,044 org.owasp.dependencycheck.data.nvdcve.DatabaseManager:178
DEBUG - Loading database connection
2026-07-26 06:58:40,044 org.owasp.dependencycheck.data.nvdcve.DatabaseManager:179
DEBUG - Connection String: jdbc:h2:file:C:\Users\jsoni\Downloads\dependency-check-12.2.2-release\dependency-check\data\odc;AUTOCOMMIT=ON;CACHE_SIZE=65536;RETENTION_TIME=1000;MAX_COMPACT_TIME=10000;
2026-07-26 06:58:40,044 org.owasp.dependencycheck.data.nvdcve.DatabaseManager:180
DEBUG - Database User: dcuser
2026-07-26 06:58:40,300 org.owasp.dependencycheck.data.nvdcve.DatabaseManager:245
DEBUG - Database product: h2
2026-07-26 06:58:40,300 org.owasp.dependencycheck.data.nvdcve.DatabaseManager:372
DEBUG - Creating database structure
2026-07-26 06:58:40,365 org.owasp.dependencycheck.data.nvdcve.DatabaseManager:506
DEBUG - DC Schema: 5.6
2026-07-26 06:58:40,374 org.owasp.dependencycheck.data.nvdcve.DatabaseManager:507
DEBUG - DB Schema: 5.6
2026-07-26 06:58:40,441 org.owasp.dependencycheck.Engine:878
INFO  - Checking for updates
2026-07-26 06:58:40,446 org.owasp.dependencycheck.data.update.NvdApiDataSource:309
WARN  - An NVD API Key was not provided - it is highly recommended to use an NVD API key as the update can take a VERY long time without an API Key
2026-07-26 06:58:40,451 io.github.jeremylong.openvulnerability.client.nvd.RateLimitedClient:189
DEBUG - rate limited calls: 5/30s
2026-07-26 06:58:40,452 io.github.jeremylong.openvulnerability.client.nvd.RateLimitedClient:190
DEBUG - rate limited call delay: 1
2026-07-26 06:58:40,604 io.github.jeremylong.openvulnerability.client.nvd.NvdCveClient:303
DEBUG - requesting URI: https://services.nvd.nist.gov/rest/json/cves/2.0?resultsPerPage=2000&startIndex=0
2026-07-26 06:58:40,607 io.github.jeremylong.openvulnerability.client.nvd.RateMeter:125
DEBUG - Rate limit usage: 1/5 in the last 32500ms
2026-07-26 06:58:40,607 io.github.jeremylong.openvulnerability.client.nvd.RateLimitedClient:324
DEBUG - Requested At: 06:58:40; URI: /rest/json/cves/2.0?resultsPerPage=2000&startIndex=0
2026-07-26 06:58:47,115 io.github.jeremylong.openvulnerability.client.nvd.NvdCveClient:378
DEBUG - Content-Type Received: application/json
2026-07-26 06:58:47,575 io.github.jeremylong.openvulnerability.client.nvd.NvdCveClient:303
DEBUG - requesting URI: https://services.nvd.nist.gov/rest/json/cves/2.0?resultsPerPage=2000&startIndex=2000
2026-07-26 06:58:47,575 io.github.jeremylong.openvulnerability.client.nvd.RateMeter:125
DEBUG - Rate limit usage: 2/5 in the last 32500ms
2026-07-26 06:58:47,576 io.github.jeremylong.openvulnerability.client.nvd.NvdCveClient:303
DEBUG - requesting URI: https://services.nvd.nist.gov/rest/json/cves/2.0?resultsPerPage=2000&startIndex=4000
2026-07-26 06:58:47,576 io.github.jeremylong.openvulnerability.client.nvd.RateLimitedClient:324
DEBUG - Requested At: 06:58:47; URI: /rest/json/cves/2.0?resultsPerPage=2000&startIndex=2000
2026-07-26 06:58:47,576 io.github.jeremylong.openvulnerability.client.nvd.NvdCveClient:303
DEBUG - requesting URI: https://services.nvd.nist.gov/rest/json/cves/2.0?resultsPerPage=2000&startIndex=6000
2026-07-26 06:58:47,576 io.github.jeremylong.openvulnerability.client.nvd.NvdCveClient:303
DEBUG - requesting URI: https://services.nvd.nist.gov/rest/json/cves/2.0?resultsPerPage=2000&startIndex=8000
2026-07-26 06:58:47,576 io.github.jeremylong.openvulnerability.client.nvd.NvdCveClient:303
DEBUG - requesting URI: https://services.nvd.nist.gov/rest/json/cves/2.0?resultsPerPage=2000&startIndex=10000
2026-07-26 06:58:47,577 io.github.jeremylong.openvulnerability.client.nvd.NvdCveClient:303
DEBUG - requesting URI: https://services.nvd.nist.gov/rest/json/cves/2.0?resultsPerPage=2000&startIndex=12000
2026-07-26 06:58:47,577 io.github.jeremylong.openvulnerability.client.nvd.NvdCveClient:303
DEBUG - requesting URI: https://services.nvd.nist.gov/rest/json/cves/2.0?resultsPerPage=2000&startIndex=14000
2026-07-26 06:58:47,578 io.github.jeremylong.openvulnerability.client.nvd.NvdCveClient:303
DEBUG - requesting URI: https://services.nvd.nist.gov/rest/json/cves/2.0?resultsPerPage=2000&startIndex=16000
2026-07-26 06:58:47,578 io.github.jeremylong.openvulnerability.client.nvd.NvdCveClient:303
DEBUG - requesting URI: https://services.nvd.nist.gov/rest/json/cves/2.0?resultsPerPage=2000&startIndex=18000
2026-07-26 06:58:47,578 io.github.jeremylong.openvulnerability.client.nvd.NvdCveClient:303
DEBUG - requesting URI: https://services.nvd.nist.gov/rest/json/cves/2.0?resultsPerPage=2000&startIndex=20000
2026-07-26 06:58:47,579 io.github.jeremylong.openvulnerability.client.nvd.NvdCveClient:303
DEBUG - requesting URI: https://services.nvd.nist.gov/rest/json/cves/2.0?resultsPerPage=2000&startIndex=22000
2026-07-26 06:58:47,579 io.github.jeremylong.openvulnerability.client.nvd.NvdCveClient:303
DEBUG - requesting URI: https://services.nvd.nist.gov/rest/json/cves/2.0?resultsPerPage=2000&startIndex=24000
2026-07-26 06:58:47,579 io.github.jeremylong.openvulnerability.client.nvd.NvdCveClient:303
DEBUG - requesting URI: https://services.nvd.nist.gov/rest/json/cves/2.0?resultsPerPage=2000&startIndex=26000
2026-07-26 06:58:47,579 io.github.jeremylong.openvulnerability.client.nvd.NvdCveClient:303
DEBUG - requesting URI: https://services.nvd.nist.gov/rest/json/cves/2.0?resultsPerPage=2000&startIndex=28000
2026-07-26 06:58:47,579 io.github.jeremylong.openvulnerability.client.nvd.NvdCveClient:303
DEBUG - requesting URI: https://services.nvd.nist.gov/rest/json/cves/2.0?resultsPerPage=2000&startIndex=30000
2026-07-26 06:58:47,579 io.github.jeremylong.openvulnerability.client.nvd.NvdCveClient:303
DEBUG - requesting URI: https://services.nvd.nist.gov/rest/json/cves/2.0?resultsPerPage=2000&startIndex=32000
2026-07-26 06:58:47,579 io.github.jeremylong.openvulnerability.client.nvd.NvdCveClient:303
DEBUG - requesting URI: https://services.nvd.nist.gov/rest/json/cves/2.0?resultsPerPage=2000&startIndex=34000
2026-07-26 06:58:47,583 io.github.jeremylong.openvulnerability.client.nvd.NvdCveClient:303
DEBUG - requesting URI: https://services.nvd.nist.gov/rest/json/cves/2.0?resultsPerPage=2000&startIndex=36000
2026-07-26 06:58:47,583 io.github.jeremylong.openvulnerability.client.nvd.NvdCveClient:303
DEBUG - requesting URI: https://services.nvd.nist.gov/rest/json/cves/2.0?resultsPerPage=2000&startIndex=38000
2026-07-26 06:58:47,583 io.github.jeremylong.openvulnerability.client.nvd.NvdCveClient:303
DEBUG - requesting URI: https://services.nvd.nist.gov/rest/json/cves/2.0?resultsPerPage=2000&startIndex=40000
2026-07-26 06:58:47,583 io.github.jeremylong.openvulnerability.client.nvd.NvdCveClient:303
DEBUG - requesting URI: https://services.nvd.nist.gov/rest/json/cves/2.0?resultsPerPage=2000&startIndex=42000
2026-07-26 06:58:47,584 io.github.jeremylong.openvulnerability.client.nvd.NvdCveClient:303
DEBUG - requesting URI: https://services.nvd.nist.gov/rest/json/cves/2.0?resultsPerPage=2000&startIndex=44000
2026-07-26 06:58:47,584 io.github.jeremylong.openvulnerability.client.nvd.NvdCveClient:303
DEBUG - requesting URI: https://services.nvd.nist.gov/rest/json/cves/2.0?resultsPerPage=2000&startIndex=46000
2026-07-26 06:58:47,584 io.github.jeremylong.openvulnerability.client.nvd.NvdCveClient:303
DEBUG - requesting URI: https://services.nvd.nist.gov/rest/json/cves/2.0?resultsPerPage=2000&startIndex=48000
2026-07-26 06:58:47,584 io.github.jeremylong.openvulnerability.client.nvd.NvdCveClient:303
DEBUG - requesting URI: https://services.nvd.nist.gov/rest/json/cves/2.0?resultsPerPage=2000&startIndex=50000
2026-07-26 06:58:47,585 io.github.jeremylong.openvulnerability.client.nvd.NvdCveClient:303
DEBUG - requesting URI: https://services.nvd.nist.gov/rest/json/cves/2.0?resultsPerPage=2000&startIndex=52000
2026-07-26 06:58:47,585 io.github.jeremylong.openvulnerability.client.nvd.NvdCveClient:303
DEBUG - requesting URI: https://services.nvd.nist.gov/rest/json/cves/2.0?resultsPerPage=2000&startIndex=54000
2026-07-26 06:58:47,585 io.github.jeremylong.openvulnerability.client.nvd.NvdCveClient:303
DEBUG - requesting URI: https://services.nvd.nist.gov/rest/json/cves/2.0?resultsPerPage=2000&startIndex=56000
2026-07-26 06:58:47,585 io.github.jeremylong.openvulnerability.client.nvd.NvdCveClient:303
DEBUG - requesting URI: https://services.nvd.nist.gov/rest/json/cves/2.0?resultsPerPage=2000&startIndex=58000
2026-07-26 06:58:47,586 io.github.jeremylong.openvulnerability.client.nvd.NvdCveClient:303
DEBUG - requesting URI: https://services.nvd.nist.gov/rest/json/cves/2.0?resultsPerPage=2000&startIndex=60000
2026-07-26 06:58:47,586 io.github.jeremylong.openvulnerability.client.nvd.NvdCveClient:303
DEBUG - requesting URI: https://services.nvd.nist.gov/rest/json/cves/2.0?resultsPerPage=2000&startIndex=62000
2026-07-26 06:58:47,586 io.github.jeremylong.openvulnerability.client.nvd.NvdCveClient:303
DEBUG - requesting URI: https://services.nvd.nist.gov/rest/json/cves/2.0?resultsPerPage=2000&startIndex=64000
2026-07-26 06:58:47,586 io.github.jeremylong.openvulnerability.client.nvd.NvdCveClient:303
DEBUG - requesting URI: https://services.nvd.nist.gov/rest/json/cves/2.0?resultsPerPage=2000&startIndex=66000
2026-07-26 06:58:47,587 io.github.jeremylong.openvulnerability.client.nvd.NvdCveClient:303
DEBUG - requesting URI: https://services.nvd.nist.gov/rest/json/cves/2.0?resultsPerPage=2000&startIndex=68000
2026-07-26 06:58:47,587 io.github.jeremylong.openvulnerability.client.nvd.NvdCveClient:303
DEBUG - requesting URI: https://services.nvd.nist.gov/rest/json/cves/2.0?resultsPerPage=2000&startIndex=70000
2026-07-26 06:58:47,588 io.github.jeremylong.openvulnerability.client.nvd.NvdCveClient:303
DEBUG - requesting URI: https://services.nvd.nist.gov/rest/json/cves/2.0?resultsPerPage=2000&startIndex=72000
2026-07-26 06:58:47,588 io.github.jeremylong.openvulnerability.client.nvd.NvdCveClient:303
DEBUG - requesting URI: https://services.nvd.nist.gov/rest/json/cves/2.0?resultsPerPage=2000&startIndex=74000
2026-07-26 06:58:47,588 io.github.jeremylong.openvulnerability.client.nvd.NvdCveClient:303
DEBUG - requesting URI: https://services.nvd.nist.gov/rest/json/cves/2.0?resultsPerPage=2000&startIndex=76000
2026-07-26 06:58:47,589 io.github.jeremylong.openvulnerability.client.nvd.NvdCveClient:303
DEBUG - requesting URI: https://services.nvd.nist.gov/rest/json/cves/2.0?resultsPerPage=2000&startIndex=78000
2026-07-26 06:58:47,589 io.github.jeremylong.openvulnerability.client.nvd.NvdCveClient:303
DEBUG - requesting URI: https://services.nvd.nist.gov/rest/json/cves/2.0?resultsPerPage=2000&startIndex=80000
2026-07-26 06:58:47,589 io.github.jeremylong.openvulnerability.client.nvd.NvdCveClient:303
DEBUG - requesting URI: https://services.nvd.nist.gov/rest/json/cves/2.0?resultsPerPage=2000&startIndex=82000
2026-07-26 06:58:47,589 io.github.jeremylong.openvulnerability.client.nvd.NvdCveClient:303
DEBUG - requesting URI: https://services.nvd.nist.gov/rest/json/cves/2.0?resultsPerPage=2000&startIndex=84000
2026-07-26 06:58:47,590 io.github.jeremylong.openvulnerability.client.nvd.NvdCveClient:303
DEBUG - requesting URI: https://services.nvd.nist.gov/rest/json/cves/2.0?resultsPerPage=2000&startIndex=86000
2026-07-26 06:58:47,590 io.github.jeremylong.openvulnerability.client.nvd.NvdCveClient:303
DEBUG - requesting URI: https://services.nvd.nist.gov/rest/json/cves/2.0?resultsPerPage=2000&startIndex=88000
2026-07-26 06:58:47,590 io.github.jeremylong.openvulnerability.client.nvd.NvdCveClient:303
DEBUG - requesting URI: https://services.nvd.nist.gov/rest/json/cves/2.0?resultsPerPage=2000&startIndex=90000
2026-07-26 06:58:47,590 io.github.jeremylong.openvulnerability.client.nvd.NvdCveClient:303
DEBUG - requesting URI: https://services.nvd.nist.gov/rest/json/cves/2.0?resultsPerPage=2000&startIndex=92000
2026-07-26 06:58:47,590 io.github.jeremylong.openvulnerability.client.nvd.NvdCveClient:303
DEBUG - requesting URI: https://services.nvd.nist.gov/rest/json/cves/2.0?resultsPerPage=2000&startIndex=94000
2026-07-26 06:58:47,591 io.github.jeremylong.openvulnerability.client.nvd.NvdCveClient:303
DEBUG - requesting URI: https://services.nvd.nist.gov/rest/json/cves/2.0?resultsPerPage=2000&startIndex=96000
2026-07-26 06:58:47,591 io.github.jeremylong.openvulnerability.client.nvd.NvdCveClient:303
DEBUG - requesting URI: https://services.nvd.nist.gov/rest/json/cves/2.0?resultsPerPage=2000&startIndex=98000
2026-07-26 06:58:47,591 io.github.jeremylong.openvulnerability.client.nvd.NvdCveClient:303
DEBUG - requesting URI: https://services.nvd.nist.gov/rest/json/cves/2.0?resultsPerPage=2000&startIndex=100000
2026-07-26 06:58:47,592 io.github.jeremylong.openvulnerability.client.nvd.NvdCveClient:303
DEBUG - requesting URI: https://services.nvd.nist.gov/rest/json/cves/2.0?resultsPerPage=2000&startIndex=102000
2026-07-26 06:58:47,592 io.github.jeremylong.openvulnerability.client.nvd.NvdCveClient:303
DEBUG - requesting URI: https://services.nvd.nist.gov/rest/json/cves/2.0?resultsPerPage=2000&startIndex=104000
2026-07-26 06:58:47,592 io.github.jeremylong.openvulnerability.client.nvd.NvdCveClient:303
DEBUG - requesting URI: https://services.nvd.nist.gov/rest/json/cves/2.0?resultsPerPage=2000&startIndex=106000
2026-07-26 06:58:47,592 io.github.jeremylong.openvulnerability.client.nvd.NvdCveClient:303
DEBUG - requesting URI: https://services.nvd.nist.gov/rest/json/cves/2.0?resultsPerPage=2000&startIndex=108000
2026-07-26 06:58:47,592 io.github.jeremylong.openvulnerability.client.nvd.NvdCveClient:303
DEBUG - requesting URI: https://services.nvd.nist.gov/rest/json/cves/2.0?resultsPerPage=2000&startIndex=110000
2026-07-26 06:58:47,592 io.github.jeremylong.openvulnerability.client.nvd.NvdCveClient:303
DEBUG - requesting URI: https://services.nvd.nist.gov/rest/json/cves/2.0?resultsPerPage=2000&startIndex=112000
2026-07-26 06:58:47,593 io.github.jeremylong.openvulnerability.client.nvd.NvdCveClient:303
DEBUG - requesting URI: https://services.nvd.nist.gov/rest/json/cves/2.0?resultsPerPage=2000&startIndex=114000
2026-07-26 06:58:47,593 io.github.jeremylong.openvulnerability.client.nvd.NvdCveClient:303
DEBUG - requesting URI: https://services.nvd.nist.gov/rest/json/cves/2.0?resultsPerPage=2000&startIndex=116000
2026-07-26 06:58:47,593 io.github.jeremylong.openvulnerability.client.nvd.NvdCveClient:303
DEBUG - requesting URI: https://services.nvd.nist.gov/rest/json/cves/2.0?resultsPerPage=2000&startIndex=118000
2026-07-26 06:58:47,593 io.github.jeremylong.openvulnerability.client.nvd.NvdCveClient:303
DEBUG - requesting URI: https://services.nvd.nist.gov/rest/json/cves/2.0?resultsPerPage=2000&startIndex=120000
2026-07-26 06:58:47,593 io.github.jeremylong.openvulnerability.client.nvd.NvdCveClient:303
DEBUG - requesting URI: https://services.nvd.nist.gov/rest/json/cves/2.0?resultsPerPage=2000&startIndex=122000
2026-07-26 06:58:47,593 io.github.jeremylong.openvulnerability.client.nvd.NvdCveClient:303
DEBUG - requesting URI: https://services.nvd.nist.gov/rest/json/cves/2.0?resultsPerPage=2000&startIndex=124000
2026-07-26 06:58:47,594 io.github.jeremylong.openvulnerability.client.nvd.NvdCveClient:303
DEBUG - requesting URI: https://services.nvd.nist.gov/rest/json/cves/2.0?resultsPerPage=2000&startIndex=126000
2026-07-26 06:58:47,594 io.github.jeremylong.openvulnerability.client.nvd.NvdCveClient:303
DEBUG - requesting URI: https://services.nvd.nist.gov/rest/json/cves/2.0?resultsPerPage=2000&startIndex=128000
2026-07-26 06:58:47,594 io.github.jeremylong.openvulnerability.client.nvd.NvdCveClient:303
DEBUG - requesting URI: https://services.nvd.nist.gov/rest/json/cves/2.0?resultsPerPage=2000&startIndex=130000
2026-07-26 06:58:47,594 io.github.jeremylong.openvulnerability.client.nvd.NvdCveClient:303
DEBUG - requesting URI: https://services.nvd.nist.gov/rest/json/cves/2.0?resultsPerPage=2000&startIndex=132000
2026-07-26 06:58:47,594 io.github.jeremylong.openvulnerability.client.nvd.NvdCveClient:303
DEBUG - requesting URI: https://services.nvd.nist.gov/rest/json/cves/2.0?resultsPerPage=2000&startIndex=134000
2026-07-26 06:58:47,594 io.github.jeremylong.openvulnerability.client.nvd.NvdCveClient:303
DEBUG - requesting URI: https://services.nvd.nist.gov/rest/json/cves/2.0?resultsPerPage=2000&startIndex=136000
2026-07-26 06:58:47,594 io.github.jeremylong.openvulnerability.client.nvd.NvdCveClient:303
DEBUG - requesting URI: https://services.nvd.nist.gov/rest/json/cves/2.0?resultsPerPage=2000&startIndex=138000
2026-07-26 06:58:47,595 io.github.jeremylong.openvulnerability.client.nvd.NvdCveClient:303
DEBUG - requesting URI: https://services.nvd.nist.gov/rest/json/cves/2.0?resultsPerPage=2000&startIndex=140000
2026-07-26 06:58:47,595 io.github.jeremylong.openvulnerability.client.nvd.NvdCveClient:303
DEBUG - requesting URI: https://services.nvd.nist.gov/rest/json/cves/2.0?resultsPerPage=2000&startIndex=142000
2026-07-26 06:58:47,595 io.github.jeremylong.openvulnerability.client.nvd.NvdCveClient:303
DEBUG - requesting URI: https://services.nvd.nist.gov/rest/json/cves/2.0?resultsPerPage=2000&startIndex=144000
2026-07-26 06:58:47,595 io.github.jeremylong.openvulnerability.client.nvd.NvdCveClient:303
DEBUG - requesting URI: https://services.nvd.nist.gov/rest/json/cves/2.0?resultsPerPage=2000&startIndex=146000
2026-07-26 06:58:47,595 io.github.jeremylong.openvulnerability.client.nvd.NvdCveClient:303
DEBUG - requesting URI: https://services.nvd.nist.gov/rest/json/cves/2.0?resultsPerPage=2000&startIndex=148000
2026-07-26 06:58:47,596 io.github.jeremylong.openvulnerability.client.nvd.NvdCveClient:303
DEBUG - requesting URI: https://services.nvd.nist.gov/rest/json/cves/2.0?resultsPerPage=2000&startIndex=150000
2026-07-26 06:58:47,596 io.github.jeremylong.openvulnerability.client.nvd.NvdCveClient:303
DEBUG - requesting URI: https://services.nvd.nist.gov/rest/json/cves/2.0?resultsPerPage=2000&startIndex=152000
2026-07-26 06:58:47,596 io.github.jeremylong.openvulnerability.client.nvd.NvdCveClient:303
DEBUG - requesting URI: https://services.nvd.nist.gov/rest/json/cves/2.0?resultsPerPage=2000&startIndex=154000
2026-07-26 06:58:47,596 io.github.jeremylong.openvulnerability.client.nvd.NvdCveClient:303
DEBUG - requesting URI: https://services.nvd.nist.gov/rest/json/cves/2.0?resultsPerPage=2000&startIndex=156000
2026-07-26 06:58:47,596 io.github.jeremylong.openvulnerability.client.nvd.NvdCveClient:303
DEBUG - requesting URI: https://services.nvd.nist.gov/rest/json/cves/2.0?resultsPerPage=2000&startIndex=158000
2026-07-26 06:58:47,596 io.github.jeremylong.openvulnerability.client.nvd.NvdCveClient:303
DEBUG - requesting URI: https://services.nvd.nist.gov/rest/json/cves/2.0?resultsPerPage=2000&startIndex=160000
2026-07-26 06:58:47,597 io.github.jeremylong.openvulnerability.client.nvd.NvdCveClient:303
DEBUG - requesting URI: https://services.nvd.nist.gov/rest/json/cves/2.0?resultsPerPage=2000&startIndex=162000
2026-07-26 06:58:47,597 io.github.jeremylong.openvulnerability.client.nvd.NvdCveClient:303
DEBUG - requesting URI: https://services.nvd.nist.gov/rest/json/cves/2.0?resultsPerPage=2000&startIndex=164000
2026-07-26 06:58:47,597 io.github.jeremylong.openvulnerability.client.nvd.NvdCveClient:303
DEBUG - requesting URI: https://services.nvd.nist.gov/rest/json/cves/2.0?resultsPerPage=2000&startIndex=166000
2026-07-26 06:58:47,597 io.github.jeremylong.openvulnerability.client.nvd.NvdCveClient:303
DEBUG - requesting URI: https://services.nvd.nist.gov/rest/json/cves/2.0?resultsPerPage=2000&startIndex=168000
2026-07-26 06:58:47,597 io.github.jeremylong.openvulnerability.client.nvd.NvdCveClient:303
DEBUG - requesting URI: https://services.nvd.nist.gov/rest/json/cves/2.0?resultsPerPage=2000&startIndex=170000
2026-07-26 06:58:47,597 io.github.jeremylong.openvulnerability.client.nvd.NvdCveClient:303
DEBUG - requesting URI: https://services.nvd.nist.gov/rest/json/cves/2.0?resultsPerPage=2000&startIndex=172000
2026-07-26 06:58:47,597 io.github.jeremylong.openvulnerability.client.nvd.NvdCveClient:303
DEBUG - requesting URI: https://services.nvd.nist.gov/rest/json/cves/2.0?resultsPerPage=2000&startIndex=174000
2026-07-26 06:58:47,597 io.github.jeremylong.openvulnerability.client.nvd.NvdCveClient:303
DEBUG - requesting URI: https://services.nvd.nist.gov/rest/json/cves/2.0?resultsPerPage=2000&startIndex=176000
2026-07-26 06:58:47,597 io.github.jeremylong.openvulnerability.client.nvd.NvdCveClient:303
DEBUG - requesting URI: https://services.nvd.nist.gov/rest/json/cves/2.0?resultsPerPage=2000&startIndex=178000
2026-07-26 06:58:47,598 io.github.jeremylong.openvulnerability.client.nvd.NvdCveClient:303
DEBUG - requesting URI: https://services.nvd.nist.gov/rest/json/cves/2.0?resultsPerPage=2000&startIndex=180000
2026-07-26 06:58:47,598 io.github.jeremylong.openvulnerability.client.nvd.NvdCveClient:303
DEBUG - requesting URI: https://services.nvd.nist.gov/rest/json/cves/2.0?resultsPerPage=2000&startIndex=182000
2026-07-26 06:58:47,598 io.github.jeremylong.openvulnerability.client.nvd.NvdCveClient:303
DEBUG - requesting URI: https://services.nvd.nist.gov/rest/json/cves/2.0?resultsPerPage=2000&startIndex=184000
2026-07-26 06:58:47,598 io.github.jeremylong.openvulnerability.client.nvd.NvdCveClient:303
DEBUG - requesting URI: https://services.nvd.nist.gov/rest/json/cves/2.0?resultsPerPage=2000&startIndex=186000
2026-07-26 06:58:47,598 io.github.jeremylong.openvulnerability.client.nvd.NvdCveClient:303
DEBUG - requesting URI: https://services.nvd.nist.gov/rest/json/cves/2.0?resultsPerPage=2000&startIndex=188000
2026-07-26 06:58:47,598 io.github.jeremylong.openvulnerability.client.nvd.NvdCveClient:303
DEBUG - requesting URI: https://services.nvd.nist.gov/rest/json/cves/2.0?resultsPerPage=2000&startIndex=190000
2026-07-26 06:58:47,598 io.github.jeremylong.openvulnerability.client.nvd.NvdCveClient:303
DEBUG - requesting URI: https://services.nvd.nist.gov/rest/json/cves/2.0?resultsPerPage=2000&startIndex=192000
2026-07-26 06:58:47,598 io.github.jeremylong.openvulnerability.client.nvd.NvdCveClient:303
DEBUG - requesting URI: https://services.nvd.nist.gov/rest/json/cves/2.0?resultsPerPage=2000&startIndex=194000
2026-07-26 06:58:47,599 io.github.jeremylong.openvulnerability.client.nvd.NvdCveClient:303
DEBUG - requesting URI: https://services.nvd.nist.gov/rest/json/cves/2.0?resultsPerPage=2000&startIndex=196000
2026-07-26 06:58:47,599 io.github.jeremylong.openvulnerability.client.nvd.NvdCveClient:303
DEBUG - requesting URI: https://services.nvd.nist.gov/rest/json/cves/2.0?resultsPerPage=2000&startIndex=198000
2026-07-26 06:58:47,599 io.github.jeremylong.openvulnerability.client.nvd.NvdCveClient:303
DEBUG - requesting URI: https://services.nvd.nist.gov/rest/json/cves/2.0?resultsPerPage=2000&startIndex=200000
2026-07-26 06:58:47,599 io.github.jeremylong.openvulnerability.client.nvd.NvdCveClient:303
DEBUG - requesting URI: https://services.nvd.nist.gov/rest/json/cves/2.0?resultsPerPage=2000&startIndex=202000
2026-07-26 06:58:47,600 io.github.jeremylong.openvulnerability.client.nvd.NvdCveClient:303
DEBUG - requesting URI: https://services.nvd.nist.gov/rest/json/cves/2.0?resultsPerPage=2000&startIndex=204000
2026-07-26 06:58:47,600 io.github.jeremylong.openvulnerability.client.nvd.NvdCveClient:303
DEBUG - requesting URI: https://services.nvd.nist.gov/rest/json/cves/2.0?resultsPerPage=2000&startIndex=206000
2026-07-26 06:58:47,600 io.github.jeremylong.openvulnerability.client.nvd.NvdCveClient:303
DEBUG - requesting URI: https://services.nvd.nist.gov/rest/json/cves/2.0?resultsPerPage=2000&startIndex=208000
2026-07-26 06:58:47,600 io.github.jeremylong.openvulnerability.client.nvd.NvdCveClient:303
DEBUG - requesting URI: https://services.nvd.nist.gov/rest/json/cves/2.0?resultsPerPage=2000&startIndex=210000
2026-07-26 06:58:47,600 io.github.jeremylong.openvulnerability.client.nvd.NvdCveClient:303
DEBUG - requesting URI: https://services.nvd.nist.gov/rest/json/cves/2.0?resultsPerPage=2000&startIndex=212000
2026-07-26 06:58:47,600 io.github.jeremylong.openvulnerability.client.nvd.NvdCveClient:303
DEBUG - requesting URI: https://services.nvd.nist.gov/rest/json/cves/2.0?resultsPerPage=2000&startIndex=214000
2026-07-26 06:58:47,601 io.github.jeremylong.openvulnerability.client.nvd.NvdCveClient:303
DEBUG - requesting URI: https://services.nvd.nist.gov/rest/json/cves/2.0?resultsPerPage=2000&startIndex=216000
2026-07-26 06:58:47,601 io.github.jeremylong.openvulnerability.client.nvd.NvdCveClient:303
DEBUG - requesting URI: https://services.nvd.nist.gov/rest/json/cves/2.0?resultsPerPage=2000&startIndex=218000
2026-07-26 06:58:47,601 io.github.jeremylong.openvulnerability.client.nvd.NvdCveClient:303
DEBUG - requesting URI: https://services.nvd.nist.gov/rest/json/cves/2.0?resultsPerPage=2000&startIndex=220000
2026-07-26 06:58:47,601 io.github.jeremylong.openvulnerability.client.nvd.NvdCveClient:303
DEBUG - requesting URI: https://services.nvd.nist.gov/rest/json/cves/2.0?resultsPerPage=2000&startIndex=222000
2026-07-26 06:58:47,601 io.github.jeremylong.openvulnerability.client.nvd.NvdCveClient:303
DEBUG - requesting URI: https://services.nvd.nist.gov/rest/json/cves/2.0?resultsPerPage=2000&startIndex=224000
2026-07-26 06:58:47,601 io.github.jeremylong.openvulnerability.client.nvd.NvdCveClient:303
DEBUG - requesting URI: https://services.nvd.nist.gov/rest/json/cves/2.0?resultsPerPage=2000&startIndex=226000
2026-07-26 06:58:47,601 io.github.jeremylong.openvulnerability.client.nvd.NvdCveClient:303
DEBUG - requesting URI: https://services.nvd.nist.gov/rest/json/cves/2.0?resultsPerPage=2000&startIndex=228000
2026-07-26 06:58:47,601 io.github.jeremylong.openvulnerability.client.nvd.NvdCveClient:303
DEBUG - requesting URI: https://services.nvd.nist.gov/rest/json/cves/2.0?resultsPerPage=2000&startIndex=230000
2026-07-26 06:58:47,601 io.github.jeremylong.openvulnerability.client.nvd.NvdCveClient:303
DEBUG - requesting URI: https://services.nvd.nist.gov/rest/json/cves/2.0?resultsPerPage=2000&startIndex=232000
2026-07-26 06:58:47,601 io.github.jeremylong.openvulnerability.client.nvd.NvdCveClient:303
DEBUG - requesting URI: https://services.nvd.nist.gov/rest/json/cves/2.0?resultsPerPage=2000&startIndex=234000
2026-07-26 06:58:47,602 io.github.jeremylong.openvulnerability.client.nvd.NvdCveClient:303
DEBUG - requesting URI: https://services.nvd.nist.gov/rest/json/cves/2.0?resultsPerPage=2000&startIndex=236000
2026-07-26 06:58:47,602 io.github.jeremylong.openvulnerability.client.nvd.NvdCveClient:303
DEBUG - requesting URI: https://services.nvd.nist.gov/rest/json/cves/2.0?resultsPerPage=2000&startIndex=238000
2026-07-26 06:58:47,602 io.github.jeremylong.openvulnerability.client.nvd.NvdCveClient:303
DEBUG - requesting URI: https://services.nvd.nist.gov/rest/json/cves/2.0?resultsPerPage=2000&startIndex=240000
2026-07-26 06:58:47,602 io.github.jeremylong.openvulnerability.client.nvd.NvdCveClient:303
DEBUG - requesting URI: https://services.nvd.nist.gov/rest/json/cves/2.0?resultsPerPage=2000&startIndex=242000
2026-07-26 06:58:47,602 io.github.jeremylong.openvulnerability.client.nvd.NvdCveClient:303
DEBUG - requesting URI: https://services.nvd.nist.gov/rest/json/cves/2.0?resultsPerPage=2000&startIndex=244000
2026-07-26 06:58:47,603 io.github.jeremylong.openvulnerability.client.nvd.NvdCveClient:303
DEBUG - requesting URI: https://services.nvd.nist.gov/rest/json/cves/2.0?resultsPerPage=2000&startIndex=246000
2026-07-26 06:58:47,603 io.github.jeremylong.openvulnerability.client.nvd.NvdCveClient:303
DEBUG - requesting URI: https://services.nvd.nist.gov/rest/json/cves/2.0?resultsPerPage=2000&startIndex=248000
2026-07-26 06:58:47,603 io.github.jeremylong.openvulnerability.client.nvd.NvdCveClient:303
DEBUG - requesting URI: https://services.nvd.nist.gov/rest/json/cves/2.0?resultsPerPage=2000&startIndex=250000
2026-07-26 06:58:47,603 io.github.jeremylong.openvulnerability.client.nvd.NvdCveClient:303
DEBUG - requesting URI: https://services.nvd.nist.gov/rest/json/cves/2.0?resultsPerPage=2000&startIndex=252000
2026-07-26 06:58:47,604 io.github.jeremylong.openvulnerability.client.nvd.NvdCveClient:303
DEBUG - requesting URI: https://services.nvd.nist.gov/rest/json/cves/2.0?resultsPerPage=2000&startIndex=254000
2026-07-26 06:58:47,604 io.github.jeremylong.openvulnerability.client.nvd.NvdCveClient:303
DEBUG - requesting URI: https://services.nvd.nist.gov/rest/json/cves/2.0?resultsPerPage=2000&startIndex=256000
2026-07-26 06:58:47,604 io.github.jeremylong.openvulnerability.client.nvd.NvdCveClient:303
DEBUG - requesting URI: https://services.nvd.nist.gov/rest/json/cves/2.0?resultsPerPage=2000&startIndex=258000
2026-07-26 06:58:47,604 io.github.jeremylong.openvulnerability.client.nvd.NvdCveClient:303
DEBUG - requesting URI: https://services.nvd.nist.gov/rest/json/cves/2.0?resultsPerPage=2000&startIndex=260000
2026-07-26 06:58:47,605 io.github.jeremylong.openvulnerability.client.nvd.NvdCveClient:303
DEBUG - requesting URI: https://services.nvd.nist.gov/rest/json/cves/2.0?resultsPerPage=2000&startIndex=262000
2026-07-26 06:58:47,605 io.github.jeremylong.openvulnerability.client.nvd.NvdCveClient:303
DEBUG - requesting URI: https://services.nvd.nist.gov/rest/json/cves/2.0?resultsPerPage=2000&startIndex=264000
2026-07-26 06:58:47,605 io.github.jeremylong.openvulnerability.client.nvd.NvdCveClient:303
DEBUG - requesting URI: https://services.nvd.nist.gov/rest/json/cves/2.0?resultsPerPage=2000&startIndex=266000
2026-07-26 06:58:47,605 io.github.jeremylong.openvulnerability.client.nvd.NvdCveClient:303
DEBUG - requesting URI: https://services.nvd.nist.gov/rest/json/cves/2.0?resultsPerPage=2000&startIndex=268000
2026-07-26 06:58:47,605 io.github.jeremylong.openvulnerability.client.nvd.NvdCveClient:303
DEBUG - requesting URI: https://services.nvd.nist.gov/rest/json/cves/2.0?resultsPerPage=2000&startIndex=270000
2026-07-26 06:58:47,605 io.github.jeremylong.openvulnerability.client.nvd.NvdCveClient:303
DEBUG - requesting URI: https://services.nvd.nist.gov/rest/json/cves/2.0?resultsPerPage=2000&startIndex=272000
2026-07-26 06:58:47,606 io.github.jeremylong.openvulnerability.client.nvd.NvdCveClient:303
DEBUG - requesting URI: https://services.nvd.nist.gov/rest/json/cves/2.0?resultsPerPage=2000&startIndex=274000
2026-07-26 06:58:47,606 io.github.jeremylong.openvulnerability.client.nvd.NvdCveClient:303
DEBUG - requesting URI: https://services.nvd.nist.gov/rest/json/cves/2.0?resultsPerPage=2000&startIndex=276000
2026-07-26 06:58:47,606 io.github.jeremylong.openvulnerability.client.nvd.NvdCveClient:303
DEBUG - requesting URI: https://services.nvd.nist.gov/rest/json/cves/2.0?resultsPerPage=2000&startIndex=278000
2026-07-26 06:58:47,606 io.github.jeremylong.openvulnerability.client.nvd.NvdCveClient:303
DEBUG - requesting URI: https://services.nvd.nist.gov/rest/json/cves/2.0?resultsPerPage=2000&startIndex=280000
2026-07-26 06:58:47,606 io.github.jeremylong.openvulnerability.client.nvd.NvdCveClient:303
DEBUG - requesting URI: https://services.nvd.nist.gov/rest/json/cves/2.0?resultsPerPage=2000&startIndex=282000
2026-07-26 06:58:47,606 io.github.jeremylong.openvulnerability.client.nvd.NvdCveClient:303
DEBUG - requesting URI: https://services.nvd.nist.gov/rest/json/cves/2.0?resultsPerPage=2000&startIndex=284000
2026-07-26 06:58:47,606 io.github.jeremylong.openvulnerability.client.nvd.NvdCveClient:303
DEBUG - requesting URI: https://services.nvd.nist.gov/rest/json/cves/2.0?resultsPerPage=2000&startIndex=286000
2026-07-26 06:58:47,607 io.github.jeremylong.openvulnerability.client.nvd.NvdCveClient:303
DEBUG - requesting URI: https://services.nvd.nist.gov/rest/json/cves/2.0?resultsPerPage=2000&startIndex=288000
2026-07-26 06:58:47,607 io.github.jeremylong.openvulnerability.client.nvd.NvdCveClient:303
DEBUG - requesting URI: https://services.nvd.nist.gov/rest/json/cves/2.0?resultsPerPage=2000&startIndex=290000
2026-07-26 06:58:47,607 io.github.jeremylong.openvulnerability.client.nvd.NvdCveClient:303
DEBUG - requesting URI: https://services.nvd.nist.gov/rest/json/cves/2.0?resultsPerPage=2000&startIndex=292000
2026-07-26 06:58:47,608 io.github.jeremylong.openvulnerability.client.nvd.NvdCveClient:303
DEBUG - requesting URI: https://services.nvd.nist.gov/rest/json/cves/2.0?resultsPerPage=2000&startIndex=294000
2026-07-26 06:58:47,608 io.github.jeremylong.openvulnerability.client.nvd.NvdCveClient:303
DEBUG - requesting URI: https://services.nvd.nist.gov/rest/json/cves/2.0?resultsPerPage=2000&startIndex=296000
2026-07-26 06:58:47,608 io.github.jeremylong.openvulnerability.client.nvd.NvdCveClient:303
DEBUG - requesting URI: https://services.nvd.nist.gov/rest/json/cves/2.0?resultsPerPage=2000&startIndex=298000
2026-07-26 06:58:47,608 io.github.jeremylong.openvulnerability.client.nvd.NvdCveClient:303
DEBUG - requesting URI: https://services.nvd.nist.gov/rest/json/cves/2.0?resultsPerPage=2000&startIndex=300000
2026-07-26 06:58:47,608 io.github.jeremylong.openvulnerability.client.nvd.NvdCveClient:303
DEBUG - requesting URI: https://services.nvd.nist.gov/rest/json/cves/2.0?resultsPerPage=2000&startIndex=302000
2026-07-26 06:58:47,609 io.github.jeremylong.openvulnerability.client.nvd.NvdCveClient:303
DEBUG - requesting URI: https://services.nvd.nist.gov/rest/json/cves/2.0?resultsPerPage=2000&startIndex=304000
2026-07-26 06:58:47,609 io.github.jeremylong.openvulnerability.client.nvd.NvdCveClient:303
DEBUG - requesting URI: https://services.nvd.nist.gov/rest/json/cves/2.0?resultsPerPage=2000&startIndex=306000
2026-07-26 06:58:47,609 io.github.jeremylong.openvulnerability.client.nvd.NvdCveClient:303
DEBUG - requesting URI: https://services.nvd.nist.gov/rest/json/cves/2.0?resultsPerPage=2000&startIndex=308000
2026-07-26 06:58:47,610 io.github.jeremylong.openvulnerability.client.nvd.NvdCveClient:303
DEBUG - requesting URI: https://services.nvd.nist.gov/rest/json/cves/2.0?resultsPerPage=2000&startIndex=310000
2026-07-26 06:58:47,610 io.github.jeremylong.openvulnerability.client.nvd.NvdCveClient:303
DEBUG - requesting URI: https://services.nvd.nist.gov/rest/json/cves/2.0?resultsPerPage=2000&startIndex=312000
2026-07-26 06:58:47,610 io.github.jeremylong.openvulnerability.client.nvd.NvdCveClient:303
DEBUG - requesting URI: https://services.nvd.nist.gov/rest/json/cves/2.0?resultsPerPage=2000&startIndex=314000
2026-07-26 06:58:47,611 io.github.jeremylong.openvulnerability.client.nvd.NvdCveClient:303
DEBUG - requesting URI: https://services.nvd.nist.gov/rest/json/cves/2.0?resultsPerPage=2000&startIndex=316000
2026-07-26 06:58:47,611 io.github.jeremylong.openvulnerability.client.nvd.NvdCveClient:303
DEBUG - requesting URI: https://services.nvd.nist.gov/rest/json/cves/2.0?resultsPerPage=2000&startIndex=318000
2026-07-26 06:58:47,611 io.github.jeremylong.openvulnerability.client.nvd.NvdCveClient:303
DEBUG - requesting URI: https://services.nvd.nist.gov/rest/json/cves/2.0?resultsPerPage=2000&startIndex=320000
2026-07-26 06:58:47,611 io.github.jeremylong.openvulnerability.client.nvd.NvdCveClient:303
DEBUG - requesting URI: https://services.nvd.nist.gov/rest/json/cves/2.0?resultsPerPage=2000&startIndex=322000
2026-07-26 06:58:47,612 io.github.jeremylong.openvulnerability.client.nvd.NvdCveClient:303
DEBUG - requesting URI: https://services.nvd.nist.gov/rest/json/cves/2.0?resultsPerPage=2000&startIndex=324000
2026-07-26 06:58:47,612 io.github.jeremylong.openvulnerability.client.nvd.NvdCveClient:303
DEBUG - requesting URI: https://services.nvd.nist.gov/rest/json/cves/2.0?resultsPerPage=2000&startIndex=326000
2026-07-26 06:58:47,612 io.github.jeremylong.openvulnerability.client.nvd.NvdCveClient:303
DEBUG - requesting URI: https://services.nvd.nist.gov/rest/json/cves/2.0?resultsPerPage=2000&startIndex=328000
2026-07-26 06:58:47,612 io.github.jeremylong.openvulnerability.client.nvd.NvdCveClient:303
DEBUG - requesting URI: https://services.nvd.nist.gov/rest/json/cves/2.0?resultsPerPage=2000&startIndex=330000
2026-07-26 06:58:47,612 io.github.jeremylong.openvulnerability.client.nvd.NvdCveClient:303
DEBUG - requesting URI: https://services.nvd.nist.gov/rest/json/cves/2.0?resultsPerPage=2000&startIndex=332000
2026-07-26 06:58:47,612 io.github.jeremylong.openvulnerability.client.nvd.NvdCveClient:303
DEBUG - requesting URI: https://services.nvd.nist.gov/rest/json/cves/2.0?resultsPerPage=2000&startIndex=334000
2026-07-26 06:58:47,612 io.github.jeremylong.openvulnerability.client.nvd.NvdCveClient:303
DEBUG - requesting URI: https://services.nvd.nist.gov/rest/json/cves/2.0?resultsPerPage=2000&startIndex=336000
2026-07-26 06:58:47,612 io.github.jeremylong.openvulnerability.client.nvd.NvdCveClient:303
DEBUG - requesting URI: https://services.nvd.nist.gov/rest/json/cves/2.0?resultsPerPage=2000&startIndex=338000
2026-07-26 06:58:47,612 io.github.jeremylong.openvulnerability.client.nvd.NvdCveClient:303
DEBUG - requesting URI: https://services.nvd.nist.gov/rest/json/cves/2.0?resultsPerPage=2000&startIndex=340000
2026-07-26 06:58:47,612 io.github.jeremylong.openvulnerability.client.nvd.NvdCveClient:303
DEBUG - requesting URI: https://services.nvd.nist.gov/rest/json/cves/2.0?resultsPerPage=2000&startIndex=342000
2026-07-26 06:58:47,614 io.github.jeremylong.openvulnerability.client.nvd.NvdCveClient:303
DEBUG - requesting URI: https://services.nvd.nist.gov/rest/json/cves/2.0?resultsPerPage=2000&startIndex=344000
2026-07-26 06:58:47,614 io.github.jeremylong.openvulnerability.client.nvd.NvdCveClient:303
DEBUG - requesting URI: https://services.nvd.nist.gov/rest/json/cves/2.0?resultsPerPage=2000&startIndex=346000
2026-07-26 06:58:47,614 io.github.jeremylong.openvulnerability.client.nvd.NvdCveClient:303
DEBUG - requesting URI: https://services.nvd.nist.gov/rest/json/cves/2.0?resultsPerPage=2000&startIndex=348000
2026-07-26 06:58:47,614 io.github.jeremylong.openvulnerability.client.nvd.NvdCveClient:303
DEBUG - requesting URI: https://services.nvd.nist.gov/rest/json/cves/2.0?resultsPerPage=2000&startIndex=350000
2026-07-26 06:58:47,615 io.github.jeremylong.openvulnerability.client.nvd.NvdCveClient:303
DEBUG - requesting URI: https://services.nvd.nist.gov/rest/json/cves/2.0?resultsPerPage=2000&startIndex=352000
2026-07-26 06:58:47,615 io.github.jeremylong.openvulnerability.client.nvd.NvdCveClient:303
DEBUG - requesting URI: https://services.nvd.nist.gov/rest/json/cves/2.0?resultsPerPage=2000&startIndex=354000
2026-07-26 06:58:47,615 io.github.jeremylong.openvulnerability.client.nvd.NvdCveClient:303
DEBUG - requesting URI: https://services.nvd.nist.gov/rest/json/cves/2.0?resultsPerPage=2000&startIndex=356000
2026-07-26 06:58:47,615 io.github.jeremylong.openvulnerability.client.nvd.NvdCveClient:303
DEBUG - requesting URI: https://services.nvd.nist.gov/rest/json/cves/2.0?resultsPerPage=2000&startIndex=358000
2026-07-26 06:58:47,615 io.github.jeremylong.openvulnerability.client.nvd.NvdCveClient:303
DEBUG - requesting URI: https://services.nvd.nist.gov/rest/json/cves/2.0?resultsPerPage=2000&startIndex=360000
2026-07-26 06:58:47,615 io.github.jeremylong.openvulnerability.client.nvd.NvdCveClient:303
DEBUG - requesting URI: https://services.nvd.nist.gov/rest/json/cves/2.0?resultsPerPage=2000&startIndex=362000
2026-07-26 06:58:47,615 io.github.jeremylong.openvulnerability.client.nvd.NvdCveClient:303
DEBUG - requesting URI: https://services.nvd.nist.gov/rest/json/cves/2.0?resultsPerPage=2000&startIndex=364000
2026-07-26 06:58:47,616 io.github.jeremylong.openvulnerability.client.nvd.NvdCveClient:303
DEBUG - requesting URI: https://services.nvd.nist.gov/rest/json/cves/2.0?resultsPerPage=2000&startIndex=366000
2026-07-26 06:58:47,616 io.github.jeremylong.openvulnerability.client.nvd.NvdCveClient:303
DEBUG - requesting URI: https://services.nvd.nist.gov/rest/json/cves/2.0?resultsPerPage=2000&startIndex=368000
2026-07-26 06:58:47,616 io.github.jeremylong.openvulnerability.client.nvd.NvdCveClient:303
DEBUG - requesting URI: https://services.nvd.nist.gov/rest/json/cves/2.0?resultsPerPage=2000&startIndex=370000
2026-07-26 06:58:47,616 org.owasp.dependencycheck.data.update.NvdApiDataSource:346
INFO  - NVD API has 370,414 records in this update
2026-07-26 06:58:47,618 org.owasp.dependencycheck.utils.FileUtils:124
DEBUG - Temporary directory is `C:\Users\jsoni\AppData\Local\Temp\dctemp7ee3822a-db2f-4dc2-a5d2-e13db5e237b3`
2026-07-26 06:58:50,298 io.github.jeremylong.openvulnerability.client.nvd.RateMeter:125
DEBUG - Rate limit usage: 3/5 in the last 32500ms
2026-07-26 06:58:50,298 io.github.jeremylong.openvulnerability.client.nvd.RateLimitedClient:324
DEBUG - Requested At: 06:58:50; URI: /rest/json/cves/2.0?resultsPerPage=2000&startIndex=4000
2026-07-26 06:58:50,374 io.github.jeremylong.openvulnerability.client.nvd.NvdCveClient:378
DEBUG - Content-Type Received: application/json
2026-07-26 06:58:54,351 io.github.jeremylong.openvulnerability.client.nvd.RateMeter:125
DEBUG - Rate limit usage: 4/5 in the last 32500ms
2026-07-26 06:58:54,351 io.github.jeremylong.openvulnerability.client.nvd.RateLimitedClient:324
DEBUG - Requested At: 06:58:54; URI: /rest/json/cves/2.0?resultsPerPage=2000&startIndex=6000
2026-07-26 06:58:54,650 io.github.jeremylong.openvulnerability.client.nvd.NvdCveClient:378
DEBUG - Content-Type Received: application/json
2026-07-26 06:58:58,014 io.github.jeremylong.openvulnerability.client.nvd.RateMeter:125
DEBUG - Rate limit usage: 5/5 in the last 32500ms
2026-07-26 06:58:58,015 io.github.jeremylong.openvulnerability.client.nvd.RateLimitedClient:324
DEBUG - Requested At: 06:58:58; URI: /rest/json/cves/2.0?resultsPerPage=2000&startIndex=8000
2026-07-26 06:58:58,405 io.github.jeremylong.openvulnerability.client.nvd.NvdCveClient:378
DEBUG - Content-Type Received: application/json
2026-07-26 06:59:02,489 io.github.jeremylong.openvulnerability.client.nvd.RateMeter:78
DEBUG - Rate limit reached. Waiting for 10618ms.
2026-07-26 06:59:02,661 io.github.jeremylong.openvulnerability.client.nvd.NvdCveClient:378
DEBUG - Content-Type Received: application/json
2026-07-26 06:59:02,972 org.owasp.dependencycheck.data.update.NvdApiDataSource:362
INFO  - Downloaded 10,000/370,414 (3%)
2026-07-26 06:59:13,109 io.github.jeremylong.openvulnerability.client.nvd.RateMeter:125
DEBUG - Rate limit usage: 5/5 in the last 32500ms
2026-07-26 06:59:13,109 io.github.jeremylong.openvulnerability.client.nvd.RateLimitedClient:324
DEBUG - Requested At: 06:59:13; URI: /rest/json/cves/2.0?resultsPerPage=2000&startIndex=10000
2026-07-26 06:59:16,447 io.github.jeremylong.openvulnerability.client.nvd.RateMeter:78
DEBUG - Rate limit reached. Waiting for 3628ms.
2026-07-26 06:59:16,495 io.github.jeremylong.openvulnerability.client.nvd.NvdCveClient:378
DEBUG - Content-Type Received: application/json
2026-07-26 06:59:20,077 io.github.jeremylong.openvulnerability.client.nvd.RateMeter:125
DEBUG - Rate limit usage: 5/5 in the last 32500ms
2026-07-26 06:59:20,077 io.github.jeremylong.openvulnerability.client.nvd.RateLimitedClient:324
DEBUG - Requested At: 06:59:20; URI: /rest/json/cves/2.0?resultsPerPage=2000&startIndex=12000
2026-07-26 06:59:24,266 io.github.jeremylong.openvulnerability.client.nvd.RateMeter:125
DEBUG - Rate limit usage: 5/5 in the last 32500ms
2026-07-26 06:59:24,267 io.github.jeremylong.openvulnerability.client.nvd.RateLimitedClient:324
DEBUG - Requested At: 06:59:24; URI: /rest/json/cves/2.0?resultsPerPage=2000&startIndex=14000
2026-07-26 06:59:24,645 io.github.jeremylong.openvulnerability.client.nvd.NvdCveClient:378
DEBUG - Content-Type Received: application/json
2026-07-26 06:59:27,423 io.github.jeremylong.openvulnerability.client.nvd.RateMeter:125
DEBUG - Rate limit usage: 5/5 in the last 32500ms
2026-07-26 06:59:27,424 io.github.jeremylong.openvulnerability.client.nvd.RateLimitedClient:324
DEBUG - Requested At: 06:59:27; URI: /rest/json/cves/2.0?resultsPerPage=2000&startIndex=16000
2026-07-26 06:59:27,687 io.github.jeremylong.openvulnerability.client.nvd.NvdCveClient:378
DEBUG - Content-Type Received: application/json
2026-07-26 06:59:31,767 io.github.jeremylong.openvulnerability.client.nvd.RateMeter:125
DEBUG - Rate limit usage: 5/5 in the last 32500ms
2026-07-26 06:59:31,768 io.github.jeremylong.openvulnerability.client.nvd.RateLimitedClient:324
DEBUG - Requested At: 06:59:31; URI: /rest/json/cves/2.0?resultsPerPage=2000&startIndex=18000
2026-07-26 06:59:31,958 io.github.jeremylong.openvulnerability.client.nvd.NvdCveClient:378
DEBUG - Content-Type Received: application/json
2026-07-26 06:59:38,772 io.github.jeremylong.openvulnerability.client.nvd.RateMeter:78
DEBUG - Rate limit reached. Waiting for 6837ms.
2026-07-26 06:59:38,866 io.github.jeremylong.openvulnerability.client.nvd.NvdCveClient:378
DEBUG - Content-Type Received: application/json
2026-07-26 06:59:39,767 org.owasp.dependencycheck.data.update.NvdApiDataSource:362
INFO  - Downloaded 20,000/370,414 (5%)
2026-07-26 06:59:45,612 io.github.jeremylong.openvulnerability.client.nvd.RateMeter:125
DEBUG - Rate limit usage: 5/5 in the last 32500ms
2026-07-26 06:59:45,613 io.github.jeremylong.openvulnerability.client.nvd.RateLimitedClient:324
DEBUG - Requested At: 06:59:45; URI: /rest/json/cves/2.0?resultsPerPage=2000&startIndex=20000
2026-07-26 06:59:50,433 io.github.jeremylong.openvulnerability.client.nvd.RateMeter:78
DEBUG - Rate limit reached. Waiting for 2144ms.
2026-07-26 06:59:50,786 io.github.jeremylong.openvulnerability.client.nvd.NvdCveClient:378
DEBUG - Content-Type Received: application/json
2026-07-26 06:59:52,577 io.github.jeremylong.openvulnerability.client.nvd.RateMeter:125
DEBUG - Rate limit usage: 6/5 in the last 32500ms
2026-07-26 06:59:52,577 io.github.jeremylong.openvulnerability.client.nvd.RateLimitedClient:324
DEBUG - Requested At: 06:59:52; URI: /rest/json/cves/2.0?resultsPerPage=2000&startIndex=22000
2026-07-26 06:59:59,118 io.github.jeremylong.openvulnerability.client.nvd.RateMeter:125
DEBUG - Rate limit usage: 5/5 in the last 32500ms
2026-07-26 06:59:59,120 io.github.jeremylong.openvulnerability.client.nvd.RateLimitedClient:324
DEBUG - Requested At: 06:59:59; URI: /rest/json/cves/2.0?resultsPerPage=2000&startIndex=24000
2026-07-26 06:59:59,501 io.github.jeremylong.openvulnerability.client.nvd.NvdCveClient:378
DEBUG - Content-Type Received: application/json
2026-07-26 07:00:03,985 io.github.jeremylong.openvulnerability.client.nvd.RateMeter:125
DEBUG - Rate limit usage: 5/5 in the last 32500ms
2026-07-26 07:00:03,985 io.github.jeremylong.openvulnerability.client.nvd.RateLimitedClient:324
DEBUG - Requested At: 07:00:03; URI: /rest/json/cves/2.0?resultsPerPage=2000&startIndex=26000
2026-07-26 07:00:04,496 io.github.jeremylong.openvulnerability.client.nvd.NvdCveClient:378
DEBUG - Content-Type Received: application/json
2026-07-26 07:00:21,550 io.github.jeremylong.openvulnerability.client.nvd.RateMeter:125
DEBUG - Rate limit usage: 4/5 in the last 32500ms
2026-07-26 07:00:21,550 io.github.jeremylong.openvulnerability.client.nvd.RateLimitedClient:324
DEBUG - Requested At: 07:00:21; URI: /rest/json/cves/2.0?resultsPerPage=2000&startIndex=28000
2026-07-26 07:00:21,681 io.github.jeremylong.openvulnerability.client.nvd.NvdCveClient:378
DEBUG - Content-Type Received: application/json
2026-07-26 07:00:26,762 io.github.jeremylong.openvulnerability.client.nvd.RateMeter:125
DEBUG - Rate limit usage: 4/5 in the last 32500ms
2026-07-26 07:00:26,762 io.github.jeremylong.openvulnerability.client.nvd.RateLimitedClient:324
DEBUG - Requested At: 07:00:26; URI: /rest/json/cves/2.0?resultsPerPage=2000&startIndex=30000
2026-07-26 07:00:26,812 io.github.jeremylong.openvulnerability.client.nvd.NvdCveClient:378
DEBUG - Content-Type Received: application/json
2026-07-26 07:00:27,545 org.owasp.dependencycheck.data.update.NvdApiDataSource:362
INFO  - Downloaded 30,000/370,414 (8%)
2026-07-26 07:00:33,536 io.github.jeremylong.openvulnerability.client.nvd.RateMeter:125
DEBUG - Rate limit usage: 4/5 in the last 32500ms
2026-07-26 07:00:33,537 io.github.jeremylong.openvulnerability.client.nvd.RateLimitedClient:324
DEBUG - Requested At: 07:00:33; URI: /rest/json/cves/2.0?resultsPerPage=2000&startIndex=32000
2026-07-26 07:00:33,602 io.github.jeremylong.openvulnerability.client.nvd.NvdCveClient:378
DEBUG - Content-Type Received: application/json
2026-07-26 07:00:37,213 io.github.jeremylong.openvulnerability.client.nvd.RateMeter:125
DEBUG - Rate limit usage: 4/5 in the last 32500ms
2026-07-26 07:00:37,213 io.github.jeremylong.openvulnerability.client.nvd.RateLimitedClient:324
DEBUG - Requested At: 07:00:37; URI: /rest/json/cves/2.0?resultsPerPage=2000&startIndex=34000
2026-07-26 07:00:37,239 io.github.jeremylong.openvulnerability.client.nvd.NvdCveClient:378
DEBUG - Content-Type Received: application/json
2026-07-26 07:00:42,607 io.github.jeremylong.openvulnerability.client.nvd.RateMeter:125
DEBUG - Rate limit usage: 5/5 in the last 32500ms
2026-07-26 07:00:42,607 io.github.jeremylong.openvulnerability.client.nvd.RateLimitedClient:324
DEBUG - Requested At: 07:00:42; URI: /rest/json/cves/2.0?resultsPerPage=2000&startIndex=36000
2026-07-26 07:00:43,097 io.github.jeremylong.openvulnerability.client.nvd.NvdCveClient:378
DEBUG - Content-Type Received: application/json
2026-07-26 07:00:47,648 io.github.jeremylong.openvulnerability.client.nvd.RateMeter:78
DEBUG - Rate limit reached. Waiting for 6402ms.
2026-07-26 07:00:47,831 io.github.jeremylong.openvulnerability.client.nvd.NvdCveClient:378
DEBUG - Content-Type Received: application/json
2026-07-26 07:00:54,053 io.github.jeremylong.openvulnerability.client.nvd.RateMeter:125
DEBUG - Rate limit usage: 5/5 in the last 32500ms
2026-07-26 07:00:54,053 io.github.jeremylong.openvulnerability.client.nvd.RateLimitedClient:324
DEBUG - Requested At: 07:00:54; URI: /rest/json/cves/2.0?resultsPerPage=2000&startIndex=38000
2026-07-26 07:00:58,985 io.github.jeremylong.openvulnerability.client.nvd.RateMeter:78
DEBUG - Rate limit reached. Waiting for 277ms.
2026-07-26 07:00:59,147 io.github.jeremylong.openvulnerability.client.nvd.NvdCveClient:378
DEBUG - Content-Type Received: application/json
2026-07-26 07:00:59,263 io.github.jeremylong.openvulnerability.client.nvd.RateMeter:125
DEBUG - Rate limit usage: 5/5 in the last 32500ms
2026-07-26 07:00:59,263 io.github.jeremylong.openvulnerability.client.nvd.RateLimitedClient:324
DEBUG - Requested At: 07:00:59; URI: /rest/json/cves/2.0?resultsPerPage=2000&startIndex=40000
2026-07-26 07:00:59,862 org.owasp.dependencycheck.data.update.NvdApiDataSource:362
INFO  - Downloaded 40,000/370,414 (11%)
2026-07-26 07:01:04,338 io.github.jeremylong.openvulnerability.client.nvd.RateMeter:78
DEBUG - Rate limit reached. Waiting for 1698ms.
2026-07-26 07:01:04,376 io.github.jeremylong.openvulnerability.client.nvd.NvdCveClient:378
DEBUG - Content-Type Received: application/json
2026-07-26 07:01:06,039 io.github.jeremylong.openvulnerability.client.nvd.RateMeter:125
DEBUG - Rate limit usage: 5/5 in the last 32500ms
2026-07-26 07:01:06,039 io.github.jeremylong.openvulnerability.client.nvd.RateLimitedClient:324
DEBUG - Requested At: 07:01:06; URI: /rest/json/cves/2.0?resultsPerPage=2000&startIndex=42000
2026-07-26 07:01:09,610 io.github.jeremylong.openvulnerability.client.nvd.RateMeter:78
DEBUG - Rate limit reached. Waiting for 103ms.
2026-07-26 07:01:09,716 io.github.jeremylong.openvulnerability.client.nvd.RateMeter:125
DEBUG - Rate limit usage: 5/5 in the last 32500ms
2026-07-26 07:01:09,717 io.github.jeremylong.openvulnerability.client.nvd.RateLimitedClient:324
DEBUG - Requested At: 07:01:09; URI: /rest/json/cves/2.0?resultsPerPage=2000&startIndex=44000
2026-07-26 07:01:09,790 io.github.jeremylong.openvulnerability.client.nvd.NvdCveClient:378
DEBUG - Content-Type Received: application/json
2026-07-26 07:01:14,891 io.github.jeremylong.openvulnerability.client.nvd.RateMeter:78
DEBUG - Rate limit reached. Waiting for 216ms.
2026-07-26 07:01:15,108 io.github.jeremylong.openvulnerability.client.nvd.RateMeter:125
DEBUG - Rate limit usage: 5/5 in the last 32500ms
2026-07-26 07:01:15,108 io.github.jeremylong.openvulnerability.client.nvd.RateLimitedClient:324
DEBUG - Requested At: 07:01:15; URI: /rest/json/cves/2.0?resultsPerPage=2000&startIndex=46000
2026-07-26 07:01:15,235 io.github.jeremylong.openvulnerability.client.nvd.NvdCveClient:378
DEBUG - Content-Type Received: application/json
2026-07-26 07:01:19,640 io.github.jeremylong.openvulnerability.client.nvd.RateMeter:78
DEBUG - Rate limit reached. Waiting for 6913ms.
2026-07-26 07:01:19,829 io.github.jeremylong.openvulnerability.client.nvd.NvdCveClient:378
DEBUG - Content-Type Received: application/json
2026-07-26 07:01:26,556 io.github.jeremylong.openvulnerability.client.nvd.RateMeter:125
DEBUG - Rate limit usage: 5/5 in the last 32500ms
2026-07-26 07:01:26,556 io.github.jeremylong.openvulnerability.client.nvd.RateLimitedClient:324
DEBUG - Requested At: 07:01:26; URI: /rest/json/cves/2.0?resultsPerPage=2000&startIndex=48000
2026-07-26 07:01:30,532 io.github.jeremylong.openvulnerability.client.nvd.RateMeter:78
DEBUG - Rate limit reached. Waiting for 1231ms.
2026-07-26 07:01:30,941 io.github.jeremylong.openvulnerability.client.nvd.NvdCveClient:378
DEBUG - Content-Type Received: application/json
2026-07-26 07:01:31,723 org.owasp.dependencycheck.data.update.NvdApiDataSource:362
INFO  - Downloaded 50,000/370,414 (13%)
2026-07-26 07:01:31,765 io.github.jeremylong.openvulnerability.client.nvd.RateMeter:125
DEBUG - Rate limit usage: 5/5 in the last 32500ms
2026-07-26 07:01:31,765 io.github.jeremylong.openvulnerability.client.nvd.RateLimitedClient:324
DEBUG - Requested At: 07:01:31; URI: /rest/json/cves/2.0?resultsPerPage=2000&startIndex=50000
2026-07-26 07:01:45,164 io.github.jeremylong.openvulnerability.client.nvd.RateMeter:125
DEBUG - Rate limit usage: 4/5 in the last 32500ms
2026-07-26 07:01:45,164 io.github.jeremylong.openvulnerability.client.nvd.RateLimitedClient:324
DEBUG - Requested At: 07:01:45; URI: /rest/json/cves/2.0?resultsPerPage=2000&startIndex=52000
2026-07-26 07:01:45,267 io.github.jeremylong.openvulnerability.client.nvd.NvdCveClient:378
DEBUG - Content-Type Received: application/json
2026-07-26 07:01:49,236 io.github.jeremylong.openvulnerability.client.nvd.RateMeter:125
DEBUG - Rate limit usage: 4/5 in the last 32500ms
2026-07-26 07:01:49,236 io.github.jeremylong.openvulnerability.client.nvd.RateLimitedClient:324
DEBUG - Requested At: 07:01:49; URI: /rest/json/cves/2.0?resultsPerPage=2000&startIndex=54000
2026-07-26 07:01:49,485 io.github.jeremylong.openvulnerability.client.nvd.NvdCveClient:378
DEBUG - Content-Type Received: application/json
2026-07-26 07:01:54,602 io.github.jeremylong.openvulnerability.client.nvd.RateMeter:125
DEBUG - Rate limit usage: 5/5 in the last 32500ms
2026-07-26 07:01:54,604 io.github.jeremylong.openvulnerability.client.nvd.RateLimitedClient:324
DEBUG - Requested At: 07:01:54; URI: /rest/json/cves/2.0?resultsPerPage=2000&startIndex=56000
2026-07-26 07:01:54,968 io.github.jeremylong.openvulnerability.client.nvd.NvdCveClient:378
DEBUG - Content-Type Received: application/json
2026-07-26 07:02:00,172 io.github.jeremylong.openvulnerability.client.nvd.RateMeter:125
DEBUG - Rate limit usage: 5/5 in the last 32500ms
2026-07-26 07:02:00,172 io.github.jeremylong.openvulnerability.client.nvd.RateLimitedClient:324
DEBUG - Requested At: 07:02:00; URI: /rest/json/cves/2.0?resultsPerPage=2000&startIndex=58000
2026-07-26 07:02:00,480 io.github.jeremylong.openvulnerability.client.nvd.NvdCveClient:378
DEBUG - Content-Type Received: application/json
2026-07-26 07:02:04,663 io.github.jeremylong.openvulnerability.client.nvd.RateMeter:125
DEBUG - Rate limit usage: 5/5 in the last 32500ms
2026-07-26 07:02:04,663 io.github.jeremylong.openvulnerability.client.nvd.RateLimitedClient:324
DEBUG - Requested At: 07:02:04; URI: /rest/json/cves/2.0?resultsPerPage=2000&startIndex=60000
2026-07-26 07:02:05,125 io.github.jeremylong.openvulnerability.client.nvd.NvdCveClient:378
DEBUG - Content-Type Received: application/json
2026-07-26 07:02:06,021 org.owasp.dependencycheck.data.update.NvdApiDataSource:362
INFO  - Downloaded 60,000/370,414 (16%)
2026-07-26 07:02:10,799 io.github.jeremylong.openvulnerability.client.nvd.RateMeter:78
DEBUG - Rate limit reached. Waiting for 6865ms.
2026-07-26 07:02:11,033 io.github.jeremylong.openvulnerability.client.nvd.NvdCveClient:378
DEBUG - Content-Type Received: application/json
2026-07-26 07:02:17,664 io.github.jeremylong.openvulnerability.client.nvd.RateMeter:125
DEBUG - Rate limit usage: 6/5 in the last 32500ms
2026-07-26 07:02:17,664 io.github.jeremylong.openvulnerability.client.nvd.RateLimitedClient:324
DEBUG - Requested At: 07:02:17; URI: /rest/json/cves/2.0?resultsPerPage=2000&startIndex=62000
2026-07-26 07:02:34,524 io.github.jeremylong.openvulnerability.client.nvd.RateMeter:125
DEBUG - Rate limit usage: 3/5 in the last 32500ms
2026-07-26 07:02:34,524 io.github.jeremylong.openvulnerability.client.nvd.RateLimitedClient:324
DEBUG - Requested At: 07:02:34; URI: /rest/json/cves/2.0?resultsPerPage=2000&startIndex=64000
2026-07-26 07:02:34,636 io.github.jeremylong.openvulnerability.client.nvd.NvdCveClient:378
DEBUG - Content-Type Received: application/json
2026-07-26 07:02:48,793 io.github.jeremylong.openvulnerability.client.nvd.RateMeter:125
DEBUG - Rate limit usage: 3/5 in the last 32500ms
2026-07-26 07:02:48,793 io.github.jeremylong.openvulnerability.client.nvd.RateLimitedClient:324
DEBUG - Requested At: 07:02:48; URI: /rest/json/cves/2.0?resultsPerPage=2000&startIndex=66000
2026-07-26 07:02:49,254 io.github.jeremylong.openvulnerability.client.nvd.NvdCveClient:378
DEBUG - Content-Type Received: application/json
2026-07-26 07:02:52,587 io.github.jeremylong.openvulnerability.client.nvd.RateMeter:125
DEBUG - Rate limit usage: 3/5 in the last 32500ms
2026-07-26 07:02:52,587 io.github.jeremylong.openvulnerability.client.nvd.RateLimitedClient:324
DEBUG - Requested At: 07:02:52; URI: /rest/json/cves/2.0?resultsPerPage=2000&startIndex=68000
2026-07-26 07:02:52,758 io.github.jeremylong.openvulnerability.client.nvd.NvdCveClient:378
DEBUG - Content-Type Received: application/json
2026-07-26 07:02:56,365 io.github.jeremylong.openvulnerability.client.nvd.RateMeter:125
DEBUG - Rate limit usage: 4/5 in the last 32500ms
2026-07-26 07:02:56,365 io.github.jeremylong.openvulnerability.client.nvd.RateLimitedClient:324
DEBUG - Requested At: 07:02:56; URI: /rest/json/cves/2.0?resultsPerPage=2000&startIndex=70000
2026-07-26 07:02:56,761 io.github.jeremylong.openvulnerability.client.nvd.NvdCveClient:378
DEBUG - Content-Type Received: application/json
2026-07-26 07:02:57,342 org.owasp.dependencycheck.data.update.NvdApiDataSource:362
INFO  - Downloaded 70,000/370,414 (19%)
2026-07-26 07:02:59,525 io.github.jeremylong.openvulnerability.client.nvd.RateMeter:125
DEBUG - Rate limit usage: 5/5 in the last 32500ms
2026-07-26 07:02:59,525 io.github.jeremylong.openvulnerability.client.nvd.RateLimitedClient:324
DEBUG - Requested At: 07:02:59; URI: /rest/json/cves/2.0?resultsPerPage=2000&startIndex=72000
2026-07-26 07:02:59,846 io.github.jeremylong.openvulnerability.client.nvd.NvdCveClient:378
DEBUG - Content-Type Received: application/json
2026-07-26 07:03:03,138 io.github.jeremylong.openvulnerability.client.nvd.RateMeter:78
DEBUG - Rate limit reached. Waiting for 3886ms.
2026-07-26 07:03:03,460 io.github.jeremylong.openvulnerability.client.nvd.NvdCveClient:378
DEBUG - Content-Type Received: application/json
2026-07-26 07:03:07,026 io.github.jeremylong.openvulnerability.client.nvd.RateMeter:125
DEBUG - Rate limit usage: 5/5 in the last 32500ms
2026-07-26 07:03:07,026 io.github.jeremylong.openvulnerability.client.nvd.RateLimitedClient:324
DEBUG - Requested At: 07:03:07; URI: /rest/json/cves/2.0?resultsPerPage=2000&startIndex=74000
2026-07-26 07:03:10,706 io.github.jeremylong.openvulnerability.client.nvd.RateMeter:78
DEBUG - Rate limit reached. Waiting for 10587ms.
2026-07-26 07:03:10,968 io.github.jeremylong.openvulnerability.client.nvd.NvdCveClient:378
DEBUG - Content-Type Received: application/json
2026-07-26 07:03:21,295 io.github.jeremylong.openvulnerability.client.nvd.RateMeter:125
DEBUG - Rate limit usage: 5/5 in the last 32500ms
2026-07-26 07:03:21,295 io.github.jeremylong.openvulnerability.client.nvd.RateLimitedClient:324
DEBUG - Requested At: 07:03:21; URI: /rest/json/cves/2.0?resultsPerPage=2000&startIndex=76000
2026-07-26 07:03:26,269 io.github.jeremylong.openvulnerability.client.nvd.RateMeter:125
DEBUG - Rate limit usage: 5/5 in the last 32500ms
2026-07-26 07:03:26,270 io.github.jeremylong.openvulnerability.client.nvd.RateLimitedClient:324
DEBUG - Requested At: 07:03:26; URI: /rest/json/cves/2.0?resultsPerPage=2000&startIndex=78000
2026-07-26 07:03:26,606 io.github.jeremylong.openvulnerability.client.nvd.NvdCveClient:378
DEBUG - Content-Type Received: application/json
2026-07-26 07:03:30,569 io.github.jeremylong.openvulnerability.client.nvd.RateMeter:125
DEBUG - Rate limit usage: 5/5 in the last 32500ms
2026-07-26 07:03:30,571 io.github.jeremylong.openvulnerability.client.nvd.RateLimitedClient:324
DEBUG - Requested At: 07:03:30; URI: /rest/json/cves/2.0?resultsPerPage=2000&startIndex=80000
2026-07-26 07:03:30,761 io.github.jeremylong.openvulnerability.client.nvd.NvdCveClient:378
DEBUG - Content-Type Received: application/json
2026-07-26 07:03:31,284 org.owasp.dependencycheck.data.update.NvdApiDataSource:362
INFO  - Downloaded 80,000/370,414 (22%)
2026-07-26 07:03:34,700 io.github.jeremylong.openvulnerability.client.nvd.RateMeter:125
DEBUG - Rate limit usage: 5/5 in the last 32500ms
2026-07-26 07:03:34,700 io.github.jeremylong.openvulnerability.client.nvd.RateLimitedClient:324
DEBUG - Requested At: 07:03:34; URI: /rest/json/cves/2.0?resultsPerPage=2000&startIndex=82000
2026-07-26 07:03:34,814 io.github.jeremylong.openvulnerability.client.nvd.NvdCveClient:378
DEBUG - Content-Type Received: application/json
2026-07-26 07:03:39,167 io.github.jeremylong.openvulnerability.client.nvd.RateMeter:78
DEBUG - Rate limit reached. Waiting for 359ms.
2026-07-26 07:03:39,518 io.github.jeremylong.openvulnerability.client.nvd.NvdCveClient:378
DEBUG - Content-Type Received: application/json
2026-07-26 07:03:39,529 io.github.jeremylong.openvulnerability.client.nvd.RateMeter:125
DEBUG - Rate limit usage: 5/5 in the last 32500ms
2026-07-26 07:03:39,529 io.github.jeremylong.openvulnerability.client.nvd.RateLimitedClient:324
DEBUG - Requested At: 07:03:39; URI: /rest/json/cves/2.0?resultsPerPage=2000&startIndex=84000
2026-07-26 07:03:44,088 io.github.jeremylong.openvulnerability.client.nvd.RateMeter:78
DEBUG - Rate limit reached. Waiting for 9707ms.
2026-07-26 07:03:44,112 io.github.jeremylong.openvulnerability.client.nvd.NvdCveClient:378
DEBUG - Content-Type Received: application/json
2026-07-26 07:03:53,798 io.github.jeremylong.openvulnerability.client.nvd.RateMeter:125
DEBUG - Rate limit usage: 5/5 in the last 32500ms
2026-07-26 07:03:53,798 io.github.jeremylong.openvulnerability.client.nvd.RateLimitedClient:324
DEBUG - Requested At: 07:03:53; URI: /rest/json/cves/2.0?resultsPerPage=2000&startIndex=86000
2026-07-26 07:03:55,865 io.github.jeremylong.openvulnerability.client.nvd.RateMeter:78
DEBUG - Rate limit reached. Waiting for 2904ms.
2026-07-26 07:03:55,867 io.github.jeremylong.openvulnerability.client.nvd.NvdCveClient:378
DEBUG - Content-Type Received: application/json
2026-07-26 07:03:58,771 io.github.jeremylong.openvulnerability.client.nvd.RateMeter:125
DEBUG - Rate limit usage: 5/5 in the last 32500ms
2026-07-26 07:03:58,771 io.github.jeremylong.openvulnerability.client.nvd.RateLimitedClient:324
DEBUG - Requested At: 07:03:58; URI: /rest/json/cves/2.0?resultsPerPage=2000&startIndex=88000
2026-07-26 07:04:00,529 io.github.jeremylong.openvulnerability.client.nvd.RateMeter:78
DEBUG - Rate limit reached. Waiting for 2540ms.
2026-07-26 07:04:01,027 io.github.jeremylong.openvulnerability.client.nvd.NvdCveClient:378
DEBUG - Content-Type Received: application/json
2026-07-26 07:04:01,281 org.owasp.dependencycheck.data.update.NvdApiDataSource:362
INFO  - Downloaded 90,000/370,414 (24%)
2026-07-26 07:04:03,071 io.github.jeremylong.openvulnerability.client.nvd.RateMeter:125
DEBUG - Rate limit usage: 5/5 in the last 32500ms
2026-07-26 07:04:03,071 io.github.jeremylong.openvulnerability.client.nvd.RateLimitedClient:324
DEBUG - Requested At: 07:04:03; URI: /rest/json/cves/2.0?resultsPerPage=2000&startIndex=90000
2026-07-26 07:04:09,838 io.github.jeremylong.openvulnerability.client.nvd.RateMeter:125
DEBUG - Rate limit usage: 5/5 in the last 32500ms
2026-07-26 07:04:09,839 io.github.jeremylong.openvulnerability.client.nvd.RateLimitedClient:324
DEBUG - Requested At: 07:04:09; URI: /rest/json/cves/2.0?resultsPerPage=2000&startIndex=92000
2026-07-26 07:04:09,901 io.github.jeremylong.openvulnerability.client.nvd.NvdCveClient:378
DEBUG - Content-Type Received: application/json
2026-07-26 07:04:26,223 io.github.jeremylong.openvulnerability.client.nvd.RateMeter:125
DEBUG - Rate limit usage: 5/5 in the last 32500ms
2026-07-26 07:04:26,223 io.github.jeremylong.openvulnerability.client.nvd.RateLimitedClient:324
DEBUG - Requested At: 07:04:26; URI: /rest/json/cves/2.0?resultsPerPage=2000&startIndex=94000
2026-07-26 07:04:26,398 io.github.jeremylong.openvulnerability.client.nvd.NvdCveClient:378
DEBUG - Content-Type Received: application/json
2026-07-26 07:04:36,150 io.github.jeremylong.openvulnerability.client.nvd.RateMeter:125
DEBUG - Rate limit usage: 3/5 in the last 32500ms
2026-07-26 07:04:36,151 io.github.jeremylong.openvulnerability.client.nvd.RateLimitedClient:324
DEBUG - Requested At: 07:04:36; URI: /rest/json/cves/2.0?resultsPerPage=2000&startIndex=96000
2026-07-26 07:04:36,386 io.github.jeremylong.openvulnerability.client.nvd.NvdCveClient:378
DEBUG - Content-Type Received: application/json
2026-07-26 07:04:41,325 io.github.jeremylong.openvulnerability.client.nvd.RateMeter:125
DEBUG - Rate limit usage: 4/5 in the last 32500ms
2026-07-26 07:04:41,325 io.github.jeremylong.openvulnerability.client.nvd.RateLimitedClient:324
DEBUG - Requested At: 07:04:41; URI: /rest/json/cves/2.0?resultsPerPage=2000&startIndex=98000
2026-07-26 07:04:41,390 io.github.jeremylong.openvulnerability.client.nvd.NvdCveClient:378
DEBUG - Content-Type Received: application/json
2026-07-26 07:04:45,112 io.github.jeremylong.openvulnerability.client.nvd.RateMeter:125
DEBUG - Rate limit usage: 4/5 in the last 32500ms
2026-07-26 07:04:45,113 io.github.jeremylong.openvulnerability.client.nvd.RateLimitedClient:324
DEBUG - Requested At: 07:04:45; URI: /rest/json/cves/2.0?resultsPerPage=2000&startIndex=100000
2026-07-26 07:04:45,473 io.github.jeremylong.openvulnerability.client.nvd.NvdCveClient:378
DEBUG - Content-Type Received: application/json
2026-07-26 07:04:45,918 org.owasp.dependencycheck.data.update.NvdApiDataSource:362
INFO  - Downloaded 100,000/370,414 (27%)
2026-07-26 07:04:49,419 io.github.jeremylong.openvulnerability.client.nvd.RateMeter:125
DEBUG - Rate limit usage: 5/5 in the last 32500ms
2026-07-26 07:04:49,419 io.github.jeremylong.openvulnerability.client.nvd.RateLimitedClient:324
DEBUG - Requested At: 07:04:49; URI: /rest/json/cves/2.0?resultsPerPage=2000&startIndex=102000
2026-07-26 07:04:49,440 io.github.jeremylong.openvulnerability.client.nvd.NvdCveClient:378
DEBUG - Content-Type Received: application/json
2026-07-26 07:04:52,009 io.github.jeremylong.openvulnerability.client.nvd.RateMeter:78
DEBUG - Rate limit reached. Waiting for 6714ms.
2026-07-26 07:04:52,421 io.github.jeremylong.openvulnerability.client.nvd.NvdCveClient:378
DEBUG - Content-Type Received: application/json
2026-07-26 07:04:58,727 io.github.jeremylong.openvulnerability.client.nvd.RateMeter:125
DEBUG - Rate limit usage: 5/5 in the last 32500ms
2026-07-26 07:04:58,727 io.github.jeremylong.openvulnerability.client.nvd.RateLimitedClient:324
DEBUG - Requested At: 07:04:58; URI: /rest/json/cves/2.0?resultsPerPage=2000&startIndex=104000
2026-07-26 07:05:02,831 io.github.jeremylong.openvulnerability.client.nvd.RateMeter:78
DEBUG - Rate limit reached. Waiting for 5819ms.
2026-07-26 07:05:03,309 io.github.jeremylong.openvulnerability.client.nvd.NvdCveClient:378
DEBUG - Content-Type Received: application/json
2026-07-26 07:05:08,651 io.github.jeremylong.openvulnerability.client.nvd.RateMeter:125
DEBUG - Rate limit usage: 5/5 in the last 32500ms
2026-07-26 07:05:08,651 io.github.jeremylong.openvulnerability.client.nvd.RateLimitedClient:324
DEBUG - Requested At: 07:05:08; URI: /rest/json/cves/2.0?resultsPerPage=2000&startIndex=106000
2026-07-26 07:05:11,539 io.github.jeremylong.openvulnerability.client.nvd.RateMeter:78
DEBUG - Rate limit reached. Waiting for 2286ms.
2026-07-26 07:05:11,979 io.github.jeremylong.openvulnerability.client.nvd.NvdCveClient:378
DEBUG - Content-Type Received: application/json
2026-07-26 07:05:13,826 io.github.jeremylong.openvulnerability.client.nvd.RateMeter:125
DEBUG - Rate limit usage: 5/5 in the last 32500ms
2026-07-26 07:05:13,826 io.github.jeremylong.openvulnerability.client.nvd.RateLimitedClient:324
DEBUG - Requested At: 07:05:13; URI: /rest/json/cves/2.0?resultsPerPage=2000&startIndex=108000
2026-07-26 07:05:18,293 io.github.jeremylong.openvulnerability.client.nvd.RateMeter:125
DEBUG - Rate limit usage: 5/5 in the last 32500ms
2026-07-26 07:05:18,294 io.github.jeremylong.openvulnerability.client.nvd.RateLimitedClient:324
DEBUG - Requested At: 07:05:18; URI: /rest/json/cves/2.0?resultsPerPage=2000&startIndex=110000
2026-07-26 07:05:18,422 io.github.jeremylong.openvulnerability.client.nvd.NvdCveClient:378
DEBUG - Content-Type Received: application/json
2026-07-26 07:05:18,925 org.owasp.dependencycheck.data.update.NvdApiDataSource:362
INFO  - Downloaded 110,000/370,414 (30%)
2026-07-26 07:05:23,512 io.github.jeremylong.openvulnerability.client.nvd.RateMeter:125
DEBUG - Rate limit usage: 5/5 in the last 32500ms
2026-07-26 07:05:23,513 io.github.jeremylong.openvulnerability.client.nvd.RateLimitedClient:324
DEBUG - Requested At: 07:05:23; URI: /rest/json/cves/2.0?resultsPerPage=2000&startIndex=112000
2026-07-26 07:05:23,941 io.github.jeremylong.openvulnerability.client.nvd.NvdCveClient:378
DEBUG - Content-Type Received: application/json
2026-07-26 07:05:34,681 io.github.jeremylong.openvulnerability.client.nvd.RateMeter:125
DEBUG - Rate limit usage: 5/5 in the last 32500ms
2026-07-26 07:05:34,681 io.github.jeremylong.openvulnerability.client.nvd.RateLimitedClient:324
DEBUG - Requested At: 07:05:34; URI: /rest/json/cves/2.0?resultsPerPage=2000&startIndex=114000
2026-07-26 07:05:34,952 io.github.jeremylong.openvulnerability.client.nvd.NvdCveClient:378
DEBUG - Content-Type Received: application/json
2026-07-26 07:05:39,287 io.github.jeremylong.openvulnerability.client.nvd.RateMeter:78
DEBUG - Rate limit reached. Waiting for 1864ms.
2026-07-26 07:05:39,522 io.github.jeremylong.openvulnerability.client.nvd.NvdCveClient:378
DEBUG - Content-Type Received: application/json
2026-07-26 07:05:41,152 io.github.jeremylong.openvulnerability.client.nvd.RateMeter:125
DEBUG - Rate limit usage: 5/5 in the last 32500ms
2026-07-26 07:05:41,152 io.github.jeremylong.openvulnerability.client.nvd.RateLimitedClient:324
DEBUG - Requested At: 07:05:41; URI: /rest/json/cves/2.0?resultsPerPage=2000&startIndex=116000
2026-07-26 07:05:47,347 io.github.jeremylong.openvulnerability.client.nvd.RateMeter:125
DEBUG - Rate limit usage: 5/5 in the last 32500ms
2026-07-26 07:05:47,347 io.github.jeremylong.openvulnerability.client.nvd.RateLimitedClient:324
DEBUG - Requested At: 07:05:47; URI: /rest/json/cves/2.0?resultsPerPage=2000&startIndex=118000
2026-07-26 07:05:47,624 io.github.jeremylong.openvulnerability.client.nvd.NvdCveClient:378
DEBUG - Content-Type Received: application/json
2026-07-26 07:05:52,698 io.github.jeremylong.openvulnerability.client.nvd.RateMeter:125
DEBUG - Rate limit usage: 5/5 in the last 32500ms
2026-07-26 07:05:52,698 io.github.jeremylong.openvulnerability.client.nvd.RateLimitedClient:324
DEBUG - Requested At: 07:05:52; URI: /rest/json/cves/2.0?resultsPerPage=2000&startIndex=120000
2026-07-26 07:05:52,735 io.github.jeremylong.openvulnerability.client.nvd.NvdCveClient:378
DEBUG - Content-Type Received: application/json
2026-07-26 07:05:53,092 org.owasp.dependencycheck.data.update.NvdApiDataSource:362
INFO  - Downloaded 120,000/370,414 (32%)
2026-07-26 07:05:59,155 io.github.jeremylong.openvulnerability.client.nvd.RateMeter:125
DEBUG - Rate limit usage: 5/5 in the last 32500ms
2026-07-26 07:05:59,156 io.github.jeremylong.openvulnerability.client.nvd.RateLimitedClient:324
DEBUG - Requested At: 07:05:59; URI: /rest/json/cves/2.0?resultsPerPage=2000&startIndex=122000
2026-07-26 07:05:59,625 io.github.jeremylong.openvulnerability.client.nvd.NvdCveClient:378
DEBUG - Content-Type Received: application/json
2026-07-26 07:06:05,714 io.github.jeremylong.openvulnerability.client.nvd.RateMeter:78
DEBUG - Rate limit reached. Waiting for 1467ms.
2026-07-26 07:06:05,853 io.github.jeremylong.openvulnerability.client.nvd.NvdCveClient:378
DEBUG - Content-Type Received: application/json
2026-07-26 07:06:07,183 io.github.jeremylong.openvulnerability.client.nvd.RateMeter:125
DEBUG - Rate limit usage: 5/5 in the last 32500ms
2026-07-26 07:06:07,183 io.github.jeremylong.openvulnerability.client.nvd.RateLimitedClient:324
DEBUG - Requested At: 07:06:07; URI: /rest/json/cves/2.0?resultsPerPage=2000&startIndex=124000
2026-07-26 07:06:11,955 io.github.jeremylong.openvulnerability.client.nvd.RateMeter:78
DEBUG - Rate limit reached. Waiting for 1697ms.
2026-07-26 07:06:12,407 io.github.jeremylong.openvulnerability.client.nvd.NvdCveClient:378
DEBUG - Content-Type Received: application/json
2026-07-26 07:06:13,655 io.github.jeremylong.openvulnerability.client.nvd.RateMeter:125
DEBUG - Rate limit usage: 5/5 in the last 32500ms
2026-07-26 07:06:13,655 io.github.jeremylong.openvulnerability.client.nvd.RateLimitedClient:324
DEBUG - Requested At: 07:06:13; URI: /rest/json/cves/2.0?resultsPerPage=2000&startIndex=126000
2026-07-26 07:06:17,824 io.github.jeremylong.openvulnerability.client.nvd.RateMeter:78
DEBUG - Rate limit reached. Waiting for 2023ms.
2026-07-26 07:06:18,184 io.github.jeremylong.openvulnerability.client.nvd.NvdCveClient:378
DEBUG - Content-Type Received: application/json
2026-07-26 07:06:19,848 io.github.jeremylong.openvulnerability.client.nvd.RateMeter:125
DEBUG - Rate limit usage: 5/5 in the last 32500ms
2026-07-26 07:06:19,848 io.github.jeremylong.openvulnerability.client.nvd.RateLimitedClient:324
DEBUG - Requested At: 07:06:19; URI: /rest/json/cves/2.0?resultsPerPage=2000&startIndex=128000
2026-07-26 07:06:25,673 io.github.jeremylong.openvulnerability.client.nvd.RateMeter:125
DEBUG - Rate limit usage: 5/5 in the last 32500ms
2026-07-26 07:06:25,673 io.github.jeremylong.openvulnerability.client.nvd.RateLimitedClient:324
DEBUG - Requested At: 07:06:25; URI: /rest/json/cves/2.0?resultsPerPage=2000&startIndex=130000
2026-07-26 07:06:26,136 io.github.jeremylong.openvulnerability.client.nvd.NvdCveClient:378
DEBUG - Content-Type Received: application/json
2026-07-26 07:06:26,564 org.owasp.dependencycheck.data.update.NvdApiDataSource:362
INFO  - Downloaded 130,000/370,414 (35%)
2026-07-26 07:06:30,547 io.github.jeremylong.openvulnerability.client.nvd.RateMeter:78
DEBUG - Rate limit reached. Waiting for 1108ms.
2026-07-26 07:06:30,603 io.github.jeremylong.openvulnerability.client.nvd.NvdCveClient:378
DEBUG - Content-Type Received: application/json
2026-07-26 07:06:31,656 io.github.jeremylong.openvulnerability.client.nvd.RateMeter:125
DEBUG - Rate limit usage: 5/5 in the last 32500ms
2026-07-26 07:06:31,656 io.github.jeremylong.openvulnerability.client.nvd.RateLimitedClient:324
DEBUG - Requested At: 07:06:31; URI: /rest/json/cves/2.0?resultsPerPage=2000&startIndex=132000
2026-07-26 07:06:37,235 io.github.jeremylong.openvulnerability.client.nvd.RateMeter:78
DEBUG - Rate limit reached. Waiting for 2448ms.
2026-07-26 07:06:37,279 io.github.jeremylong.openvulnerability.client.nvd.NvdCveClient:378
DEBUG - Content-Type Received: application/json
2026-07-26 07:06:39,685 io.github.jeremylong.openvulnerability.client.nvd.RateMeter:125
DEBUG - Rate limit usage: 5/5 in the last 32500ms
2026-07-26 07:06:39,685 io.github.jeremylong.openvulnerability.client.nvd.RateLimitedClient:324
DEBUG - Requested At: 07:06:39; URI: /rest/json/cves/2.0?resultsPerPage=2000&startIndex=134000
2026-07-26 07:06:45,434 io.github.jeremylong.openvulnerability.client.nvd.RateMeter:78
DEBUG - Rate limit reached. Waiting for 721ms.
2026-07-26 07:06:45,823 io.github.jeremylong.openvulnerability.client.nvd.NvdCveClient:378
DEBUG - Content-Type Received: application/json
2026-07-26 07:06:46,156 io.github.jeremylong.openvulnerability.client.nvd.RateMeter:125
DEBUG - Rate limit usage: 5/5 in the last 32500ms
2026-07-26 07:06:46,156 io.github.jeremylong.openvulnerability.client.nvd.RateLimitedClient:324
DEBUG - Requested At: 07:06:46; URI: /rest/json/cves/2.0?resultsPerPage=2000&startIndex=136000
2026-07-26 07:06:51,595 io.github.jeremylong.openvulnerability.client.nvd.RateMeter:78
DEBUG - Rate limit reached. Waiting for 753ms.
2026-07-26 07:06:51,813 io.github.jeremylong.openvulnerability.client.nvd.NvdCveClient:378
DEBUG - Content-Type Received: application/json
2026-07-26 07:06:52,351 io.github.jeremylong.openvulnerability.client.nvd.RateMeter:125
DEBUG - Rate limit usage: 5/5 in the last 32500ms
2026-07-26 07:06:52,376 io.github.jeremylong.openvulnerability.client.nvd.RateLimitedClient:324
DEBUG - Requested At: 07:06:52; URI: /rest/json/cves/2.0?resultsPerPage=2000&startIndex=138000
2026-07-26 07:06:56,135 io.github.jeremylong.openvulnerability.client.nvd.RateMeter:78
DEBUG - Rate limit reached. Waiting for 2038ms.
2026-07-26 07:06:56,463 io.github.jeremylong.openvulnerability.client.nvd.NvdCveClient:378
DEBUG - Content-Type Received: application/json
2026-07-26 07:06:57,420 org.owasp.dependencycheck.data.update.NvdApiDataSource:362
INFO  - Downloaded 140,000/370,414 (38%)
2026-07-26 07:06:58,176 io.github.jeremylong.openvulnerability.client.nvd.RateMeter:125
DEBUG - Rate limit usage: 5/5 in the last 32500ms
2026-07-26 07:06:58,176 io.github.jeremylong.openvulnerability.client.nvd.RateLimitedClient:324
DEBUG - Requested At: 07:06:58; URI: /rest/json/cves/2.0?resultsPerPage=2000&startIndex=140000
2026-07-26 07:07:01,710 io.github.jeremylong.openvulnerability.client.nvd.RateMeter:78
DEBUG - Rate limit reached. Waiting for 2446ms.
2026-07-26 07:07:01,955 io.github.jeremylong.openvulnerability.client.nvd.NvdCveClient:378
DEBUG - Content-Type Received: application/json
2026-07-26 07:07:04,157 io.github.jeremylong.openvulnerability.client.nvd.RateMeter:125
DEBUG - Rate limit usage: 5/5 in the last 32500ms
2026-07-26 07:07:04,157 io.github.jeremylong.openvulnerability.client.nvd.RateLimitedClient:324
DEBUG - Requested At: 07:07:04; URI: /rest/json/cves/2.0?resultsPerPage=2000&startIndex=142000
2026-07-26 07:07:08,878 io.github.jeremylong.openvulnerability.client.nvd.RateMeter:78
DEBUG - Rate limit reached. Waiting for 3307ms.
2026-07-26 07:07:09,234 io.github.jeremylong.openvulnerability.client.nvd.NvdCveClient:378
DEBUG - Content-Type Received: application/json
2026-07-26 07:07:12,187 io.github.jeremylong.openvulnerability.client.nvd.RateMeter:125
DEBUG - Rate limit usage: 5/5 in the last 32500ms
2026-07-26 07:07:12,187 io.github.jeremylong.openvulnerability.client.nvd.RateLimitedClient:324
DEBUG - Requested At: 07:07:12; URI: /rest/json/cves/2.0?resultsPerPage=2000&startIndex=144000
2026-07-26 07:07:21,278 io.github.jeremylong.openvulnerability.client.nvd.RateMeter:125
DEBUG - Rate limit usage: 5/5 in the last 32500ms
2026-07-26 07:07:21,278 io.github.jeremylong.openvulnerability.client.nvd.RateLimitedClient:324
DEBUG - Requested At: 07:07:21; URI: /rest/json/cves/2.0?resultsPerPage=2000&startIndex=146000
2026-07-26 07:07:21,505 io.github.jeremylong.openvulnerability.client.nvd.NvdCveClient:378
DEBUG - Content-Type Received: application/json
2026-07-26 07:07:25,681 io.github.jeremylong.openvulnerability.client.nvd.RateMeter:125
DEBUG - Rate limit usage: 5/5 in the last 32500ms
2026-07-26 07:07:25,681 io.github.jeremylong.openvulnerability.client.nvd.RateLimitedClient:324
DEBUG - Requested At: 07:07:25; URI: /rest/json/cves/2.0?resultsPerPage=2000&startIndex=148000
2026-07-26 07:07:25,740 io.github.jeremylong.openvulnerability.client.nvd.NvdCveClient:378
DEBUG - Content-Type Received: application/json
2026-07-26 07:07:29,874 io.github.jeremylong.openvulnerability.client.nvd.RateMeter:78
DEBUG - Rate limit reached. Waiting for 802ms.
2026-07-26 07:07:30,065 io.github.jeremylong.openvulnerability.client.nvd.NvdCveClient:378
DEBUG - Content-Type Received: application/json
2026-07-26 07:07:30,678 io.github.jeremylong.openvulnerability.client.nvd.RateMeter:125
DEBUG - Rate limit usage: 5/5 in the last 32500ms
2026-07-26 07:07:30,678 io.github.jeremylong.openvulnerability.client.nvd.RateLimitedClient:324
DEBUG - Requested At: 07:07:30; URI: /rest/json/cves/2.0?resultsPerPage=2000&startIndex=150000
2026-07-26 07:07:30,698 org.owasp.dependencycheck.data.update.NvdApiDataSource:362
INFO  - Downloaded 150,000/370,414 (40%)
2026-07-26 07:07:34,725 io.github.jeremylong.openvulnerability.client.nvd.RateMeter:78
DEBUG - Rate limit reached. Waiting for 1932ms.
2026-07-26 07:07:34,732 io.github.jeremylong.openvulnerability.client.nvd.NvdCveClient:378
DEBUG - Content-Type Received: application/json
2026-07-26 07:07:36,657 io.github.jeremylong.openvulnerability.client.nvd.RateMeter:125
DEBUG - Rate limit usage: 6/5 in the last 32500ms
2026-07-26 07:07:36,657 io.github.jeremylong.openvulnerability.client.nvd.RateLimitedClient:324
DEBUG - Requested At: 07:07:36; URI: /rest/json/cves/2.0?resultsPerPage=2000&startIndex=152000
2026-07-26 07:07:40,640 io.github.jeremylong.openvulnerability.client.nvd.RateMeter:78
DEBUG - Rate limit reached. Waiting for 4047ms.
2026-07-26 07:07:40,970 io.github.jeremylong.openvulnerability.client.nvd.NvdCveClient:378
DEBUG - Content-Type Received: application/json
2026-07-26 07:07:44,688 io.github.jeremylong.openvulnerability.client.nvd.RateMeter:125
DEBUG - Rate limit usage: 5/5 in the last 32500ms
2026-07-26 07:07:44,688 io.github.jeremylong.openvulnerability.client.nvd.RateLimitedClient:324
DEBUG - Requested At: 07:07:44; URI: /rest/json/cves/2.0?resultsPerPage=2000&startIndex=154000
2026-07-26 07:07:47,798 io.github.jeremylong.openvulnerability.client.nvd.RateMeter:78
DEBUG - Rate limit reached. Waiting for 5980ms.
2026-07-26 07:07:48,189 io.github.jeremylong.openvulnerability.client.nvd.NvdCveClient:378
DEBUG - Content-Type Received: application/json
2026-07-26 07:07:53,780 io.github.jeremylong.openvulnerability.client.nvd.RateMeter:125
DEBUG - Rate limit usage: 5/5 in the last 32500ms
2026-07-26 07:07:53,780 io.github.jeremylong.openvulnerability.client.nvd.RateLimitedClient:324
DEBUG - Requested At: 07:07:53; URI: /rest/json/cves/2.0?resultsPerPage=2000&startIndex=156000
2026-07-26 07:07:58,241 io.github.jeremylong.openvulnerability.client.nvd.RateMeter:125
DEBUG - Rate limit usage: 5/5 in the last 32500ms
2026-07-26 07:07:58,241 io.github.jeremylong.openvulnerability.client.nvd.RateLimitedClient:324
DEBUG - Requested At: 07:07:58; URI: /rest/json/cves/2.0?resultsPerPage=2000&startIndex=158000
2026-07-26 07:07:58,629 io.github.jeremylong.openvulnerability.client.nvd.NvdCveClient:378
DEBUG - Content-Type Received: application/json
2026-07-26 07:08:04,697 io.github.jeremylong.openvulnerability.client.nvd.RateMeter:125
DEBUG - Rate limit usage: 5/5 in the last 32500ms
2026-07-26 07:08:04,697 io.github.jeremylong.openvulnerability.client.nvd.RateLimitedClient:324
DEBUG - Requested At: 07:08:04; URI: /rest/json/cves/2.0?resultsPerPage=2000&startIndex=160000
2026-07-26 07:08:04,913 io.github.jeremylong.openvulnerability.client.nvd.NvdCveClient:378
DEBUG - Content-Type Received: application/json
2026-07-26 07:08:06,081 org.owasp.dependencycheck.data.update.NvdApiDataSource:362
INFO  - Downloaded 160,000/370,414 (43%)
2026-07-26 07:08:09,224 io.github.jeremylong.openvulnerability.client.nvd.RateMeter:125
DEBUG - Rate limit usage: 5/5 in the last 32500ms
2026-07-26 07:08:09,224 io.github.jeremylong.openvulnerability.client.nvd.RateLimitedClient:324
DEBUG - Requested At: 07:08:09; URI: /rest/json/cves/2.0?resultsPerPage=2000&startIndex=162000
2026-07-26 07:08:09,622 io.github.jeremylong.openvulnerability.client.nvd.NvdCveClient:378
DEBUG - Content-Type Received: application/json
2026-07-26 07:08:15,467 io.github.jeremylong.openvulnerability.client.nvd.RateMeter:78
DEBUG - Rate limit reached. Waiting for 1721ms.
2026-07-26 07:08:15,911 io.github.jeremylong.openvulnerability.client.nvd.NvdCveClient:378
DEBUG - Content-Type Received: application/json
2026-07-26 07:08:17,190 io.github.jeremylong.openvulnerability.client.nvd.RateMeter:125
DEBUG - Rate limit usage: 5/5 in the last 32500ms
2026-07-26 07:08:17,190 io.github.jeremylong.openvulnerability.client.nvd.RateLimitedClient:324
DEBUG - Requested At: 07:08:17; URI: /rest/json/cves/2.0?resultsPerPage=2000&startIndex=164000
2026-07-26 07:08:24,660 io.github.jeremylong.openvulnerability.client.nvd.RateMeter:78
DEBUG - Rate limit reached. Waiting for 1620ms.
2026-07-26 07:08:24,758 io.github.jeremylong.openvulnerability.client.nvd.NvdCveClient:378
DEBUG - Content-Type Received: application/json
2026-07-26 07:08:26,282 io.github.jeremylong.openvulnerability.client.nvd.RateMeter:125
DEBUG - Rate limit usage: 5/5 in the last 32500ms
2026-07-26 07:08:26,282 io.github.jeremylong.openvulnerability.client.nvd.RateLimitedClient:324
DEBUG - Requested At: 07:08:26; URI: /rest/json/cves/2.0?resultsPerPage=2000&startIndex=166000
2026-07-26 07:08:32,261 io.github.jeremylong.openvulnerability.client.nvd.RateMeter:125
DEBUG - Rate limit usage: 5/5 in the last 32500ms
2026-07-26 07:08:32,261 io.github.jeremylong.openvulnerability.client.nvd.RateLimitedClient:324
DEBUG - Requested At: 07:08:32; URI: /rest/json/cves/2.0?resultsPerPage=2000&startIndex=168000
2026-07-26 07:08:32,419 io.github.jeremylong.openvulnerability.client.nvd.NvdCveClient:378
DEBUG - Content-Type Received: application/json
2026-07-26 07:08:36,512 io.github.jeremylong.openvulnerability.client.nvd.RateMeter:78
DEBUG - Rate limit reached. Waiting for 685ms.
2026-07-26 07:08:36,646 io.github.jeremylong.openvulnerability.client.nvd.NvdCveClient:378
DEBUG - Content-Type Received: application/json
2026-07-26 07:08:37,198 io.github.jeremylong.openvulnerability.client.nvd.RateMeter:125
DEBUG - Rate limit usage: 5/5 in the last 32500ms
2026-07-26 07:08:37,198 io.github.jeremylong.openvulnerability.client.nvd.RateLimitedClient:324
DEBUG - Requested At: 07:08:37; URI: /rest/json/cves/2.0?resultsPerPage=2000&startIndex=170000
2026-07-26 07:08:37,206 org.owasp.dependencycheck.data.update.NvdApiDataSource:362
INFO  - Downloaded 170,000/370,414 (46%)
2026-07-26 07:08:42,069 io.github.jeremylong.openvulnerability.client.nvd.RateMeter:125
DEBUG - Rate limit usage: 5/5 in the last 32500ms
2026-07-26 07:08:42,069 io.github.jeremylong.openvulnerability.client.nvd.RateLimitedClient:324
DEBUG - Requested At: 07:08:42; URI: /rest/json/cves/2.0?resultsPerPage=2000&startIndex=172000
2026-07-26 07:08:42,222 io.github.jeremylong.openvulnerability.client.nvd.NvdCveClient:378
DEBUG - Content-Type Received: application/json
2026-07-26 07:08:47,602 io.github.jeremylong.openvulnerability.client.nvd.RateMeter:78
DEBUG - Rate limit reached. Waiting for 2088ms.
2026-07-26 07:08:47,885 io.github.jeremylong.openvulnerability.client.nvd.NvdCveClient:378
DEBUG - Content-Type Received: application/json
2026-07-26 07:08:49,692 io.github.jeremylong.openvulnerability.client.nvd.RateMeter:125
DEBUG - Rate limit usage: 5/5 in the last 32500ms
2026-07-26 07:08:49,692 io.github.jeremylong.openvulnerability.client.nvd.RateLimitedClient:324
DEBUG - Requested At: 07:08:49; URI: /rest/json/cves/2.0?resultsPerPage=2000&startIndex=174000
2026-07-26 07:08:55,624 io.github.jeremylong.openvulnerability.client.nvd.RateMeter:78
DEBUG - Rate limit reached. Waiting for 3158ms.
2026-07-26 07:08:55,633 io.github.jeremylong.openvulnerability.client.nvd.NvdCveClient:378
DEBUG - Content-Type Received: application/json
2026-07-26 07:08:58,784 io.github.jeremylong.openvulnerability.client.nvd.RateMeter:125
DEBUG - Rate limit usage: 5/5 in the last 32500ms
2026-07-26 07:08:58,784 io.github.jeremylong.openvulnerability.client.nvd.RateLimitedClient:324
DEBUG - Requested At: 07:08:58; URI: /rest/json/cves/2.0?resultsPerPage=2000&startIndex=176000
2026-07-26 07:09:02,783 io.github.jeremylong.openvulnerability.client.nvd.RateMeter:78
DEBUG - Rate limit reached. Waiting for 1978ms.
2026-07-26 07:09:03,254 io.github.jeremylong.openvulnerability.client.nvd.NvdCveClient:378
DEBUG - Content-Type Received: application/json
2026-07-26 07:09:04,762 io.github.jeremylong.openvulnerability.client.nvd.RateMeter:125
DEBUG - Rate limit usage: 5/5 in the last 32500ms
2026-07-26 07:09:04,762 io.github.jeremylong.openvulnerability.client.nvd.RateLimitedClient:324
DEBUG - Requested At: 07:09:04; URI: /rest/json/cves/2.0?resultsPerPage=2000&startIndex=178000
2026-07-26 07:09:11,097 io.github.jeremylong.openvulnerability.client.nvd.RateMeter:125
DEBUG - Rate limit usage: 5/5 in the last 32500ms
2026-07-26 07:09:11,097 io.github.jeremylong.openvulnerability.client.nvd.RateLimitedClient:324
DEBUG - Requested At: 07:09:11; URI: /rest/json/cves/2.0?resultsPerPage=2000&startIndex=180000
2026-07-26 07:09:11,314 io.github.jeremylong.openvulnerability.client.nvd.NvdCveClient:378
DEBUG - Content-Type Received: application/json
2026-07-26 07:09:11,817 org.owasp.dependencycheck.data.update.NvdApiDataSource:362
INFO  - Downloaded 180,000/370,414 (49%)
2026-07-26 07:09:15,661 io.github.jeremylong.openvulnerability.client.nvd.RateMeter:125
DEBUG - Rate limit usage: 5/5 in the last 32500ms
2026-07-26 07:09:15,661 io.github.jeremylong.openvulnerability.client.nvd.RateLimitedClient:324
DEBUG - Requested At: 07:09:15; URI: /rest/json/cves/2.0?resultsPerPage=2000&startIndex=182000
2026-07-26 07:09:15,849 io.github.jeremylong.openvulnerability.client.nvd.NvdCveClient:378
DEBUG - Content-Type Received: application/json
2026-07-26 07:09:19,243 io.github.jeremylong.openvulnerability.client.nvd.RateMeter:78
DEBUG - Rate limit reached. Waiting for 2949ms.
2026-07-26 07:09:19,553 io.github.jeremylong.openvulnerability.client.nvd.NvdCveClient:378
DEBUG - Content-Type Received: application/json
2026-07-26 07:09:22,193 io.github.jeremylong.openvulnerability.client.nvd.RateMeter:125
DEBUG - Rate limit usage: 5/5 in the last 32500ms
2026-07-26 07:09:22,193 io.github.jeremylong.openvulnerability.client.nvd.RateLimitedClient:324
DEBUG - Requested At: 07:09:22; URI: /rest/json/cves/2.0?resultsPerPage=2000&startIndex=184000
2026-07-26 07:09:27,226 io.github.jeremylong.openvulnerability.client.nvd.RateMeter:78
DEBUG - Rate limit reached. Waiting for 4058ms.
2026-07-26 07:09:27,598 io.github.jeremylong.openvulnerability.client.nvd.NvdCveClient:378
DEBUG - Content-Type Received: application/json
2026-07-26 07:09:31,288 io.github.jeremylong.openvulnerability.client.nvd.RateMeter:125
DEBUG - Rate limit usage: 5/5 in the last 32500ms
2026-07-26 07:09:31,288 io.github.jeremylong.openvulnerability.client.nvd.RateLimitedClient:324
DEBUG - Requested At: 07:09:31; URI: /rest/json/cves/2.0?resultsPerPage=2000&startIndex=186000
2026-07-26 07:09:34,580 io.github.jeremylong.openvulnerability.client.nvd.RateMeter:78
DEBUG - Rate limit reached. Waiting for 2682ms.
2026-07-26 07:09:34,716 io.github.jeremylong.openvulnerability.client.nvd.NvdCveClient:378
DEBUG - Content-Type Received: application/json
2026-07-26 07:09:37,263 io.github.jeremylong.openvulnerability.client.nvd.RateMeter:125
DEBUG - Rate limit usage: 5/5 in the last 32500ms
2026-07-26 07:09:37,263 io.github.jeremylong.openvulnerability.client.nvd.RateLimitedClient:324
DEBUG - Requested At: 07:09:37; URI: /rest/json/cves/2.0?resultsPerPage=2000&startIndex=188000
2026-07-26 07:09:40,743 io.github.jeremylong.openvulnerability.client.nvd.RateMeter:78
DEBUG - Rate limit reached. Waiting for 2854ms.
2026-07-26 07:09:40,961 io.github.jeremylong.openvulnerability.client.nvd.NvdCveClient:378
DEBUG - Content-Type Received: application/json
2026-07-26 07:09:41,749 org.owasp.dependencycheck.data.update.NvdApiDataSource:362
INFO  - Downloaded 190,000/370,414 (51%)
2026-07-26 07:09:43,605 io.github.jeremylong.openvulnerability.client.nvd.RateMeter:125
DEBUG - Rate limit usage: 5/5 in the last 32500ms
2026-07-26 07:09:43,605 io.github.jeremylong.openvulnerability.client.nvd.RateLimitedClient:324
DEBUG - Requested At: 07:09:43; URI: /rest/json/cves/2.0?resultsPerPage=2000&startIndex=190000
2026-07-26 07:09:46,888 io.github.jeremylong.openvulnerability.client.nvd.RateMeter:78
DEBUG - Rate limit reached. Waiting for 1273ms.
2026-07-26 07:09:47,285 io.github.jeremylong.openvulnerability.client.nvd.NvdCveClient:378
DEBUG - Content-Type Received: application/json
2026-07-26 07:09:48,162 io.github.jeremylong.openvulnerability.client.nvd.RateMeter:125
DEBUG - Rate limit usage: 5/5 in the last 32500ms
2026-07-26 07:09:48,162 io.github.jeremylong.openvulnerability.client.nvd.RateLimitedClient:324
DEBUG - Requested At: 07:09:48; URI: /rest/json/cves/2.0?resultsPerPage=2000&startIndex=192000
2026-07-26 07:09:52,826 io.github.jeremylong.openvulnerability.client.nvd.RateMeter:78
DEBUG - Rate limit reached. Waiting for 1867ms.
2026-07-26 07:09:53,237 io.github.jeremylong.openvulnerability.client.nvd.NvdCveClient:378
DEBUG - Content-Type Received: application/json
2026-07-26 07:09:54,694 io.github.jeremylong.openvulnerability.client.nvd.RateMeter:125
DEBUG - Rate limit usage: 5/5 in the last 32500ms
2026-07-26 07:09:54,694 io.github.jeremylong.openvulnerability.client.nvd.RateLimitedClient:324
DEBUG - Requested At: 07:09:54; URI: /rest/json/cves/2.0?resultsPerPage=2000&startIndex=194000
2026-07-26 07:09:58,773 io.github.jeremylong.openvulnerability.client.nvd.RateMeter:78
DEBUG - Rate limit reached. Waiting for 5015ms.
2026-07-26 07:09:59,169 io.github.jeremylong.openvulnerability.client.nvd.NvdCveClient:378
DEBUG - Content-Type Received: application/json
2026-07-26 07:10:03,789 io.github.jeremylong.openvulnerability.client.nvd.RateMeter:125
DEBUG - Rate limit usage: 5/5 in the last 32500ms
2026-07-26 07:10:03,790 io.github.jeremylong.openvulnerability.client.nvd.RateLimitedClient:324
DEBUG - Requested At: 07:10:03; URI: /rest/json/cves/2.0?resultsPerPage=2000&startIndex=196000
2026-07-26 07:10:09,099 io.github.jeremylong.openvulnerability.client.nvd.RateMeter:78
DEBUG - Rate limit reached. Waiting for 664ms.
2026-07-26 07:10:09,257 io.github.jeremylong.openvulnerability.client.nvd.NvdCveClient:378
DEBUG - Content-Type Received: application/json
2026-07-26 07:10:09,764 io.github.jeremylong.openvulnerability.client.nvd.RateMeter:125
DEBUG - Rate limit usage: 5/5 in the last 32500ms
2026-07-26 07:10:09,764 io.github.jeremylong.openvulnerability.client.nvd.RateLimitedClient:324
DEBUG - Requested At: 07:10:09; URI: /rest/json/cves/2.0?resultsPerPage=2000&startIndex=198000
2026-07-26 07:10:14,142 io.github.jeremylong.openvulnerability.client.nvd.RateMeter:78
DEBUG - Rate limit reached. Waiting for 1963ms.
2026-07-26 07:10:14,277 io.github.jeremylong.openvulnerability.client.nvd.NvdCveClient:378
DEBUG - Content-Type Received: application/json
2026-07-26 07:10:14,833 org.owasp.dependencycheck.data.update.NvdApiDataSource:362
INFO  - Downloaded 200,000/370,414 (54%)
2026-07-26 07:10:16,106 io.github.jeremylong.openvulnerability.client.nvd.RateMeter:125
DEBUG - Rate limit usage: 5/5 in the last 32500ms
2026-07-26 07:10:16,106 io.github.jeremylong.openvulnerability.client.nvd.RateLimitedClient:324
DEBUG - Requested At: 07:10:16; URI: /rest/json/cves/2.0?resultsPerPage=2000&startIndex=200000
2026-07-26 07:10:20,572 io.github.jeremylong.openvulnerability.client.nvd.RateMeter:78
DEBUG - Rate limit reached. Waiting for 90ms.
2026-07-26 07:10:20,663 io.github.jeremylong.openvulnerability.client.nvd.RateMeter:125
DEBUG - Rate limit usage: 5/5 in the last 32500ms
2026-07-26 07:10:20,663 io.github.jeremylong.openvulnerability.client.nvd.RateLimitedClient:324
DEBUG - Requested At: 07:10:20; URI: /rest/json/cves/2.0?resultsPerPage=2000&startIndex=202000
2026-07-26 07:10:20,846 io.github.jeremylong.openvulnerability.client.nvd.NvdCveClient:378
DEBUG - Content-Type Received: application/json
2026-07-26 07:10:24,876 io.github.jeremylong.openvulnerability.client.nvd.RateMeter:78
DEBUG - Rate limit reached. Waiting for 2318ms.
2026-07-26 07:10:24,928 io.github.jeremylong.openvulnerability.client.nvd.NvdCveClient:378
DEBUG - Content-Type Received: application/json
2026-07-26 07:10:27,195 io.github.jeremylong.openvulnerability.client.nvd.RateMeter:125
DEBUG - Rate limit usage: 5/5 in the last 32500ms
2026-07-26 07:10:27,195 io.github.jeremylong.openvulnerability.client.nvd.RateLimitedClient:324
DEBUG - Requested At: 07:10:27; URI: /rest/json/cves/2.0?resultsPerPage=2000&startIndex=204000
2026-07-26 07:10:30,782 io.github.jeremylong.openvulnerability.client.nvd.RateMeter:78
DEBUG - Rate limit reached. Waiting for 5507ms.
2026-07-26 07:10:30,901 io.github.jeremylong.openvulnerability.client.nvd.NvdCveClient:378
DEBUG - Content-Type Received: application/json
2026-07-26 07:10:36,292 io.github.jeremylong.openvulnerability.client.nvd.RateMeter:125
DEBUG - Rate limit usage: 5/5 in the last 32500ms
2026-07-26 07:10:36,292 io.github.jeremylong.openvulnerability.client.nvd.RateLimitedClient:324
DEBUG - Requested At: 07:10:36; URI: /rest/json/cves/2.0?resultsPerPage=2000&startIndex=206000
2026-07-26 07:10:40,172 io.github.jeremylong.openvulnerability.client.nvd.RateMeter:78
DEBUG - Rate limit reached. Waiting for 2092ms.
2026-07-26 07:10:40,449 io.github.jeremylong.openvulnerability.client.nvd.NvdCveClient:378
DEBUG - Content-Type Received: application/json
2026-07-26 07:10:42,266 io.github.jeremylong.openvulnerability.client.nvd.RateMeter:125
DEBUG - Rate limit usage: 5/5 in the last 32500ms
2026-07-26 07:10:42,266 io.github.jeremylong.openvulnerability.client.nvd.RateLimitedClient:324
DEBUG - Requested At: 07:10:42; URI: /rest/json/cves/2.0?resultsPerPage=2000&startIndex=208000
2026-07-26 07:10:46,485 io.github.jeremylong.openvulnerability.client.nvd.RateMeter:78
DEBUG - Rate limit reached. Waiting for 2121ms.
2026-07-26 07:10:46,679 io.github.jeremylong.openvulnerability.client.nvd.NvdCveClient:378
DEBUG - Content-Type Received: application/json
2026-07-26 07:10:47,163 org.owasp.dependencycheck.data.update.NvdApiDataSource:362
INFO  - Downloaded 210,000/370,414 (57%)
2026-07-26 07:10:48,608 io.github.jeremylong.openvulnerability.client.nvd.RateMeter:125
DEBUG - Rate limit usage: 5/5 in the last 32500ms
2026-07-26 07:10:48,608 io.github.jeremylong.openvulnerability.client.nvd.RateLimitedClient:324
DEBUG - Requested At: 07:10:48; URI: /rest/json/cves/2.0?resultsPerPage=2000&startIndex=210000
2026-07-26 07:10:55,942 io.github.jeremylong.openvulnerability.client.nvd.RateMeter:125
DEBUG - Rate limit usage: 5/5 in the last 32500ms
2026-07-26 07:10:55,942 io.github.jeremylong.openvulnerability.client.nvd.RateLimitedClient:324
DEBUG - Requested At: 07:10:55; URI: /rest/json/cves/2.0?resultsPerPage=2000&startIndex=212000
2026-07-26 07:10:56,197 io.github.jeremylong.openvulnerability.client.nvd.NvdCveClient:378
DEBUG - Content-Type Received: application/json
2026-07-26 07:11:00,309 io.github.jeremylong.openvulnerability.client.nvd.RateMeter:125
DEBUG - Rate limit usage: 5/5 in the last 32500ms
2026-07-26 07:11:00,309 io.github.jeremylong.openvulnerability.client.nvd.RateLimitedClient:324
DEBUG - Requested At: 07:11:00; URI: /rest/json/cves/2.0?resultsPerPage=2000&startIndex=214000
2026-07-26 07:11:00,601 io.github.jeremylong.openvulnerability.client.nvd.NvdCveClient:378
DEBUG - Content-Type Received: application/json
2026-07-26 07:11:05,439 io.github.jeremylong.openvulnerability.client.nvd.RateMeter:78
DEBUG - Rate limit reached. Waiting for 3353ms.
2026-07-26 07:11:05,634 io.github.jeremylong.openvulnerability.client.nvd.NvdCveClient:378
DEBUG - Content-Type Received: application/json
2026-07-26 07:11:08,793 io.github.jeremylong.openvulnerability.client.nvd.RateMeter:125
DEBUG - Rate limit usage: 5/5 in the last 32500ms
2026-07-26 07:11:08,793 io.github.jeremylong.openvulnerability.client.nvd.RateLimitedClient:324
DEBUG - Requested At: 07:11:08; URI: /rest/json/cves/2.0?resultsPerPage=2000&startIndex=216000
2026-07-26 07:11:13,663 io.github.jeremylong.openvulnerability.client.nvd.RateMeter:78
DEBUG - Rate limit reached. Waiting for 1103ms.
2026-07-26 07:11:14,061 io.github.jeremylong.openvulnerability.client.nvd.NvdCveClient:378
DEBUG - Content-Type Received: application/json
2026-07-26 07:11:14,767 io.github.jeremylong.openvulnerability.client.nvd.RateMeter:125
DEBUG - Rate limit usage: 5/5 in the last 32500ms
2026-07-26 07:11:14,767 io.github.jeremylong.openvulnerability.client.nvd.RateLimitedClient:324
DEBUG - Requested At: 07:11:14; URI: /rest/json/cves/2.0?resultsPerPage=2000&startIndex=218000
2026-07-26 07:11:19,870 io.github.jeremylong.openvulnerability.client.nvd.RateMeter:78
DEBUG - Rate limit reached. Waiting for 1238ms.
2026-07-26 07:11:20,298 io.github.jeremylong.openvulnerability.client.nvd.NvdCveClient:378
DEBUG - Content-Type Received: application/json
2026-07-26 07:11:21,025 org.owasp.dependencycheck.data.update.NvdApiDataSource:362
INFO  - Downloaded 220,000/370,414 (59%)
2026-07-26 07:11:21,109 io.github.jeremylong.openvulnerability.client.nvd.RateMeter:125
DEBUG - Rate limit usage: 5/5 in the last 32500ms
2026-07-26 07:11:21,110 io.github.jeremylong.openvulnerability.client.nvd.RateLimitedClient:324
DEBUG - Requested At: 07:11:21; URI: /rest/json/cves/2.0?resultsPerPage=2000&startIndex=220000
2026-07-26 07:11:25,669 io.github.jeremylong.openvulnerability.client.nvd.RateMeter:78
DEBUG - Rate limit reached. Waiting for 2773ms.
2026-07-26 07:11:26,036 io.github.jeremylong.openvulnerability.client.nvd.NvdCveClient:378
DEBUG - Content-Type Received: application/json
2026-07-26 07:11:28,443 io.github.jeremylong.openvulnerability.client.nvd.RateMeter:125
DEBUG - Rate limit usage: 5/5 in the last 32500ms
2026-07-26 07:11:28,443 io.github.jeremylong.openvulnerability.client.nvd.RateLimitedClient:324
DEBUG - Requested At: 07:11:28; URI: /rest/json/cves/2.0?resultsPerPage=2000&startIndex=222000
2026-07-26 07:11:33,077 io.github.jeremylong.openvulnerability.client.nvd.RateMeter:125
DEBUG - Rate limit usage: 5/5 in the last 32500ms
2026-07-26 07:11:33,078 io.github.jeremylong.openvulnerability.client.nvd.RateLimitedClient:324
DEBUG - Requested At: 07:11:33; URI: /rest/json/cves/2.0?resultsPerPage=2000&startIndex=224000
2026-07-26 07:11:33,555 io.github.jeremylong.openvulnerability.client.nvd.NvdCveClient:378
DEBUG - Content-Type Received: application/json
2026-07-26 07:18:06,052 io.github.jeremylong.openvulnerability.client.nvd.NvdApiRetryStrategy:97
WARN  - Retrying request /rest/json/cves/2.0?resultsPerPage=2000&startIndex=224000 : 2nd time
2026-07-26 07:18:06,053 io.github.jeremylong.openvulnerability.client.nvd.NvdApiRetryStrategy:99
DEBUG - Retrying request with exception java.net.UnknownHostException. Message: No such host is known (services.nvd.nist.gov)
2026-07-26 07:18:06,054 io.github.jeremylong.openvulnerability.client.nvd.NvdApiRetryStrategy:97
WARN  - Retrying request /rest/json/cves/2.0?resultsPerPage=2000&startIndex=224000 : 3rd time
2026-07-26 07:18:06,054 io.github.jeremylong.openvulnerability.client.nvd.NvdApiRetryStrategy:99
DEBUG - Retrying request with exception java.net.UnknownHostException. Message: services.nvd.nist.gov
2026-07-26 07:18:06,055 io.github.jeremylong.openvulnerability.client.nvd.NvdApiRetryStrategy:97
WARN  - Retrying request /rest/json/cves/2.0?resultsPerPage=2000&startIndex=224000 : 4th time
2026-07-26 07:18:06,055 io.github.jeremylong.openvulnerability.client.nvd.NvdApiRetryStrategy:99
DEBUG - Retrying request with exception java.net.UnknownHostException. Message: services.nvd.nist.gov
2026-07-26 07:18:06,056 io.github.jeremylong.openvulnerability.client.nvd.NvdApiRetryStrategy:97
WARN  - Retrying request /rest/json/cves/2.0?resultsPerPage=2000&startIndex=224000 : 5th time
2026-07-26 07:18:06,056 io.github.jeremylong.openvulnerability.client.nvd.NvdApiRetryStrategy:99
DEBUG - Retrying request with exception java.net.UnknownHostException. Message: services.nvd.nist.gov
2026-07-26 07:18:06,057 io.github.jeremylong.openvulnerability.client.nvd.NvdApiRetryStrategy:97
WARN  - Retrying request /rest/json/cves/2.0?resultsPerPage=2000&startIndex=224000 : 6th time
2026-07-26 07:18:06,057 io.github.jeremylong.openvulnerability.client.nvd.NvdApiRetryStrategy:99
DEBUG - Retrying request with exception java.net.UnknownHostException. Message: services.nvd.nist.gov
2026-07-26 07:18:06,058 io.github.jeremylong.openvulnerability.client.nvd.NvdApiRetryStrategy:97
WARN  - Retrying request /rest/json/cves/2.0?resultsPerPage=2000&startIndex=224000 : 7th time
2026-07-26 07:18:06,058 io.github.jeremylong.openvulnerability.client.nvd.NvdApiRetryStrategy:99
DEBUG - Retrying request with exception java.net.UnknownHostException. Message: services.nvd.nist.gov
2026-07-26 07:18:06,059 io.github.jeremylong.openvulnerability.client.nvd.NvdApiRetryStrategy:97
WARN  - Retrying request /rest/json/cves/2.0?resultsPerPage=2000&startIndex=224000 : 8th time
2026-07-26 07:18:06,060 io.github.jeremylong.openvulnerability.client.nvd.NvdApiRetryStrategy:99
DEBUG - Retrying request with exception java.net.UnknownHostException. Message: services.nvd.nist.gov
2026-07-26 07:18:06,061 io.github.jeremylong.openvulnerability.client.nvd.NvdApiRetryStrategy:97
WARN  - Retrying request /rest/json/cves/2.0?resultsPerPage=2000&startIndex=224000 : 9th time
2026-07-26 07:18:06,062 io.github.jeremylong.openvulnerability.client.nvd.NvdApiRetryStrategy:99
DEBUG - Retrying request with exception java.net.UnknownHostException. Message: services.nvd.nist.gov
2026-07-26 07:18:06,062 io.github.jeremylong.openvulnerability.client.nvd.NvdApiRetryStrategy:97
WARN  - Retrying request /rest/json/cves/2.0?resultsPerPage=2000&startIndex=224000 : 10th time
2026-07-26 07:18:06,063 io.github.jeremylong.openvulnerability.client.nvd.NvdApiRetryStrategy:99
DEBUG - Retrying request with exception java.net.UnknownHostException. Message: services.nvd.nist.gov
2026-07-26 07:18:06,064 io.github.jeremylong.openvulnerability.client.nvd.NvdApiRetryStrategy:97
WARN  - Retrying request /rest/json/cves/2.0?resultsPerPage=2000&startIndex=224000 : 11th time
2026-07-26 07:18:06,064 io.github.jeremylong.openvulnerability.client.nvd.NvdApiRetryStrategy:99
DEBUG - Retrying request with exception java.net.UnknownHostException. Message: services.nvd.nist.gov
2026-07-26 07:18:06,066 io.github.jeremylong.openvulnerability.client.nvd.NvdApiRetryStrategy:97
WARN  - Retrying request /rest/json/cves/2.0?resultsPerPage=2000&startIndex=224000 : 12th time
2026-07-26 07:18:06,066 io.github.jeremylong.openvulnerability.client.nvd.NvdApiRetryStrategy:99
DEBUG - Retrying request with exception java.net.UnknownHostException. Message: services.nvd.nist.gov
2026-07-26 07:18:06,076 io.github.jeremylong.openvulnerability.client.nvd.NvdApiRetryStrategy:97
WARN  - Retrying request /rest/json/cves/2.0?resultsPerPage=2000&startIndex=224000 : 13th time
2026-07-26 07:18:06,082 io.github.jeremylong.openvulnerability.client.nvd.NvdApiRetryStrategy:99
DEBUG - Retrying request with exception java.net.UnknownHostException. Message: services.nvd.nist.gov
2026-07-26 07:18:06,083 io.github.jeremylong.openvulnerability.client.nvd.NvdApiRetryStrategy:97
WARN  - Retrying request /rest/json/cves/2.0?resultsPerPage=2000&startIndex=224000 : 14th time
2026-07-26 07:18:06,084 io.github.jeremylong.openvulnerability.client.nvd.NvdApiRetryStrategy:99
DEBUG - Retrying request with exception java.net.UnknownHostException. Message: services.nvd.nist.gov
2026-07-26 07:18:06,086 io.github.jeremylong.openvulnerability.client.nvd.NvdApiRetryStrategy:91
WARN  - NVD API request failures are occurring; retrying request for the 15th time
2026-07-26 07:18:06,086 io.github.jeremylong.openvulnerability.client.nvd.NvdApiRetryStrategy:93
DEBUG - NVD API request failures with exception : java.net.UnknownHostException. Message: services.nvd.nist.gov
2026-07-26 07:18:06,088 io.github.jeremylong.openvulnerability.client.nvd.NvdApiRetryStrategy:91
WARN  - NVD API request failures are occurring; retrying request for the 16th time
2026-07-26 07:18:06,089 io.github.jeremylong.openvulnerability.client.nvd.NvdApiRetryStrategy:93
DEBUG - NVD API request failures with exception : java.net.UnknownHostException. Message: services.nvd.nist.gov
2026-07-26 07:18:06,090 io.github.jeremylong.openvulnerability.client.nvd.NvdApiRetryStrategy:91
WARN  - NVD API request failures are occurring; retrying request for the 17th time
2026-07-26 07:18:06,092 io.github.jeremylong.openvulnerability.client.nvd.NvdApiRetryStrategy:93
DEBUG - NVD API request failures with exception : java.net.UnknownHostException. Message: services.nvd.nist.gov
2026-07-26 07:18:06,093 io.github.jeremylong.openvulnerability.client.nvd.NvdApiRetryStrategy:91
WARN  - NVD API request failures are occurring; retrying request for the 18th time
2026-07-26 07:18:06,096 io.github.jeremylong.openvulnerability.client.nvd.NvdApiRetryStrategy:93
DEBUG - NVD API request failures with exception : java.net.UnknownHostException. Message: services.nvd.nist.gov
2026-07-26 07:18:06,097 io.github.jeremylong.openvulnerability.client.nvd.NvdApiRetryStrategy:91
WARN  - NVD API request failures are occurring; retrying request for the 19th time
2026-07-26 07:18:06,098 io.github.jeremylong.openvulnerability.client.nvd.NvdApiRetryStrategy:93
DEBUG - NVD API request failures with exception : java.net.UnknownHostException. Message: services.nvd.nist.gov
2026-07-26 07:18:06,099 io.github.jeremylong.openvulnerability.client.nvd.NvdApiRetryStrategy:91
WARN  - NVD API request failures are occurring; retrying request for the 20th time
2026-07-26 07:18:06,100 io.github.jeremylong.openvulnerability.client.nvd.NvdApiRetryStrategy:93
DEBUG - NVD API request failures with exception : java.net.UnknownHostException. Message: services.nvd.nist.gov
2026-07-26 07:18:06,102 io.github.jeremylong.openvulnerability.client.nvd.NvdApiRetryStrategy:91
WARN  - NVD API request failures are occurring; retrying request for the 21st time
2026-07-26 07:18:06,105 io.github.jeremylong.openvulnerability.client.nvd.NvdApiRetryStrategy:93
DEBUG - NVD API request failures with exception : java.net.UnknownHostException. Message: services.nvd.nist.gov
2026-07-26 07:18:06,107 io.github.jeremylong.openvulnerability.client.nvd.NvdApiRetryStrategy:91
WARN  - NVD API request failures are occurring; retrying request for the 22nd time
2026-07-26 07:18:06,108 io.github.jeremylong.openvulnerability.client.nvd.NvdApiRetryStrategy:93
DEBUG - NVD API request failures with exception : java.net.UnknownHostException. Message: services.nvd.nist.gov
2026-07-26 07:18:06,110 io.github.jeremylong.openvulnerability.client.nvd.NvdApiRetryStrategy:91
WARN  - NVD API request failures are occurring; retrying request for the 23rd time
2026-07-26 07:18:06,111 io.github.jeremylong.openvulnerability.client.nvd.NvdApiRetryStrategy:93
DEBUG - NVD API request failures with exception : java.net.UnknownHostException. Message: services.nvd.nist.gov
2026-07-26 07:18:06,111 io.github.jeremylong.openvulnerability.client.nvd.NvdApiRetryStrategy:91
WARN  - NVD API request failures are occurring; retrying request for the 24th time
2026-07-26 07:18:06,112 io.github.jeremylong.openvulnerability.client.nvd.NvdApiRetryStrategy:93
DEBUG - NVD API request failures with exception : java.net.UnknownHostException. Message: services.nvd.nist.gov
2026-07-26 07:18:06,112 io.github.jeremylong.openvulnerability.client.nvd.NvdApiRetryStrategy:91
WARN  - NVD API request failures are occurring; retrying request for the 25th time
2026-07-26 07:18:06,112 io.github.jeremylong.openvulnerability.client.nvd.NvdApiRetryStrategy:93
DEBUG - NVD API request failures with exception : java.net.UnknownHostException. Message: services.nvd.nist.gov
2026-07-26 07:18:06,113 io.github.jeremylong.openvulnerability.client.nvd.NvdApiRetryStrategy:91
WARN  - NVD API request failures are occurring; retrying request for the 26th time
2026-07-26 07:18:06,113 io.github.jeremylong.openvulnerability.client.nvd.NvdApiRetryStrategy:93
DEBUG - NVD API request failures with exception : java.net.UnknownHostException. Message: services.nvd.nist.gov
2026-07-26 07:18:06,114 io.github.jeremylong.openvulnerability.client.nvd.NvdApiRetryStrategy:91
WARN  - NVD API request failures are occurring; retrying request for the 27th time
2026-07-26 07:18:06,114 io.github.jeremylong.openvulnerability.client.nvd.NvdApiRetryStrategy:93
DEBUG - NVD API request failures with exception : java.net.UnknownHostException. Message: services.nvd.nist.gov
2026-07-26 07:18:06,114 io.github.jeremylong.openvulnerability.client.nvd.NvdApiRetryStrategy:91
WARN  - NVD API request failures are occurring; retrying request for the 28th time
2026-07-26 07:18:06,115 io.github.jeremylong.openvulnerability.client.nvd.NvdApiRetryStrategy:93
DEBUG - NVD API request failures with exception : java.net.UnknownHostException. Message: services.nvd.nist.gov
2026-07-26 07:18:06,116 io.github.jeremylong.openvulnerability.client.nvd.NvdApiRetryStrategy:91
WARN  - NVD API request failures are occurring; retrying request for the 29th time
2026-07-26 07:18:06,116 io.github.jeremylong.openvulnerability.client.nvd.NvdApiRetryStrategy:93
DEBUG - NVD API request failures with exception : java.net.UnknownHostException. Message: services.nvd.nist.gov
2026-07-26 07:18:06,116 io.github.jeremylong.openvulnerability.client.nvd.NvdApiRetryStrategy:91
WARN  - NVD API request failures are occurring; retrying request for the 30th time
2026-07-26 07:18:06,118 io.github.jeremylong.openvulnerability.client.nvd.NvdApiRetryStrategy:93
DEBUG - NVD API request failures with exception : java.net.UnknownHostException. Message: services.nvd.nist.gov
2026-07-26 07:18:06,118 io.github.jeremylong.openvulnerability.client.nvd.NvdApiRetryStrategy:91
WARN  - NVD API request failures are occurring; retrying request for the 31st time
2026-07-26 07:18:06,123 io.github.jeremylong.openvulnerability.client.nvd.NvdApiRetryStrategy:93
DEBUG - NVD API request failures with exception : java.net.UnknownHostException. Message: services.nvd.nist.gov
2026-07-26 07:18:06,124 io.github.jeremylong.openvulnerability.client.nvd.RateMeter:125
DEBUG - Rate limit usage: 1/5 in the last 32500ms
2026-07-26 07:18:06,125 io.github.jeremylong.openvulnerability.client.nvd.RateLimitedClient:324
DEBUG - Requested At: 07:18:06; URI: /rest/json/cves/2.0?resultsPerPage=2000&startIndex=226000
2026-07-26 07:18:06,123 io.github.jeremylong.openvulnerability.client.nvd.RateLimitedClient$SimpleFutureResponse:355
DEBUG - request failed
java.net.UnknownHostException: services.nvd.nist.gov
	at java.base/java.net.InetAddress$CachedAddresses.get(InetAddress.java:801)
	at java.base/java.net.InetAddress.getAllByName0(InetAddress.java:1533)
	at java.base/java.net.InetAddress.getAllByName(InetAddress.java:1385)
	at java.base/java.net.InetAddress.getAllByName(InetAddress.java:1306)
	at org.apache.hc.client5.http.SystemDefaultDnsResolver.resolve(SystemDefaultDnsResolver.java:61)
	at org.apache.hc.client5.http.DnsResolver.resolve(DnsResolver.java:77)
	at org.apache.hc.client5.http.impl.nio.MultihomeIOSessionRequester.connect(MultihomeIOSessionRequester.java:113)
	at org.apache.hc.client5.http.impl.nio.DefaultAsyncClientConnectionOperator.connect(DefaultAsyncClientConnectionOperator.java:147)
	at org.apache.hc.client5.http.impl.nio.PoolingAsyncClientConnectionManager.connect(PoolingAsyncClientConnectionManager.java:499)
	at org.apache.hc.client5.http.impl.async.InternalHttpAsyncExecRuntime.connectEndpoint(InternalHttpAsyncExecRuntime.java:230)
	at org.apache.hc.client5.http.impl.async.AsyncConnectExec.doProceedToNextHop(AsyncConnectExec.java:222)
	at org.apache.hc.client5.http.impl.async.AsyncConnectExec.proceedToNextHop(AsyncConnectExec.java:197)
	at org.apache.hc.client5.http.impl.async.AsyncConnectExec.access$000(AsyncConnectExec.java:92)
	at org.apache.hc.client5.http.impl.async.AsyncConnectExec$1.completed(AsyncConnectExec.java:164)
	at org.apache.hc.client5.http.impl.async.AsyncConnectExec$1.completed(AsyncConnectExec.java:153)
	at org.apache.hc.client5.http.impl.async.InternalHttpAsyncExecRuntime$1.completed(InternalHttpAsyncExecRuntime.java:132)
	at org.apache.hc.client5.http.impl.async.InternalHttpAsyncExecRuntime$1.completed(InternalHttpAsyncExecRuntime.java:124)
	at org.apache.hc.core5.concurrent.BasicFuture.completed(BasicFuture.java:148)
	at org.apache.hc.client5.http.impl.nio.PoolingAsyncClientConnectionManager$3$1.leaseCompleted(PoolingAsyncClientConnectionManager.java:372)
	at org.apache.hc.client5.http.impl.nio.PoolingAsyncClientConnectionManager$3$1.completed(PoolingAsyncClientConnectionManager.java:354)
	at org.apache.hc.client5.http.impl.nio.PoolingAsyncClientConnectionManager$3$1.completed(PoolingAsyncClientConnectionManager.java:300)
	at org.apache.hc.core5.concurrent.BasicFuture.completed(BasicFuture.java:148)
	at org.apache.hc.core5.pool.StrictConnPool.fireCallbacks(StrictConnPool.java:396)
	at org.apache.hc.core5.pool.StrictConnPool.lease(StrictConnPool.java:214)
	at org.apache.hc.client5.http.impl.nio.PoolingAsyncClientConnectionManager$3.<init>(PoolingAsyncClientConnectionManager.java:297)
	at org.apache.hc.client5.http.impl.nio.PoolingAsyncClientConnectionManager.lease(PoolingAsyncClientConnectionManager.java:292)
	at org.apache.hc.client5.http.impl.async.InternalHttpAsyncExecRuntime.acquireEndpoint(InternalHttpAsyncExecRuntime.java:119)
	at org.apache.hc.client5.http.impl.async.AsyncConnectExec.execute(AsyncConnectExec.java:152)
	at org.apache.hc.client5.http.impl.async.AsyncExecChainElement.execute(AsyncExecChainElement.java:54)
	at org.apache.hc.client5.http.impl.async.AsyncProtocolExec.internalExecute(AsyncProtocolExec.java:206)
	at org.apache.hc.client5.http.impl.async.AsyncProtocolExec.execute(AsyncProtocolExec.java:171)
	at org.apache.hc.client5.http.impl.async.AsyncExecChainElement.execute(AsyncExecChainElement.java:54)
	at org.apache.hc.client5.http.impl.async.AsyncHttpRequestRetryExec.internalExecute(AsyncHttpRequestRetryExec.java:114)
	at org.apache.hc.client5.http.impl.async.AsyncHttpRequestRetryExec.execute(AsyncHttpRequestRetryExec.java:219)
	at org.apache.hc.client5.http.impl.async.AsyncHttpRequestRetryExec$1.lambda$failed$1(AsyncHttpRequestRetryExec.java:197)
	at org.apache.hc.client5.http.impl.async.InternalAbstractHttpAsyncClient$ScheduledRequestExecution.run(InternalAbstractHttpAsyncClient.java:434)
	at java.base/java.util.concurrent.Executors$RunnableAdapter.call(Executors.java:539)
	at java.base/java.util.concurrent.FutureTask.run(FutureTask.java:264)
	at java.base/java.util.concurrent.ScheduledThreadPoolExecutor$ScheduledFutureTask.run(ScheduledThreadPoolExecutor.java:304)
	at java.base/java.util.concurrent.ThreadPoolExecutor.runWorker(ThreadPoolExecutor.java:1136)
	at java.base/java.util.concurrent.ThreadPoolExecutor$Worker.run(ThreadPoolExecutor.java:635)
	at java.base/java.lang.Thread.run(Thread.java:840)
2026-07-26 07:18:06,128 io.github.jeremylong.openvulnerability.client.nvd.NvdApiRetryStrategy:97
WARN  - Retrying request /rest/json/cves/2.0?resultsPerPage=2000&startIndex=226000 : 2nd time
2026-07-26 07:18:06,131 io.github.jeremylong.openvulnerability.client.nvd.NvdApiRetryStrategy:99
DEBUG - Retrying request with exception java.net.UnknownHostException. Message: services.nvd.nist.gov
2026-07-26 07:18:06,131 io.github.jeremylong.openvulnerability.client.nvd.NvdApiRetryStrategy:97
WARN  - Retrying request /rest/json/cves/2.0?resultsPerPage=2000&startIndex=226000 : 3rd time
2026-07-26 07:18:06,133 io.github.jeremylong.openvulnerability.client.nvd.NvdApiRetryStrategy:99
DEBUG - Retrying request with exception java.net.UnknownHostException. Message: services.nvd.nist.gov
2026-07-26 07:18:06,135 io.github.jeremylong.openvulnerability.client.nvd.NvdApiRetryStrategy:97
WARN  - Retrying request /rest/json/cves/2.0?resultsPerPage=2000&startIndex=226000 : 4th time
2026-07-26 07:18:06,136 io.github.jeremylong.openvulnerability.client.nvd.NvdApiRetryStrategy:99
DEBUG - Retrying request with exception java.net.UnknownHostException. Message: services.nvd.nist.gov
2026-07-26 07:18:06,139 io.github.jeremylong.openvulnerability.client.nvd.NvdApiRetryStrategy:97
WARN  - Retrying request /rest/json/cves/2.0?resultsPerPage=2000&startIndex=226000 : 5th time
2026-07-26 07:18:06,143 io.github.jeremylong.openvulnerability.client.nvd.NvdApiRetryStrategy:99
DEBUG - Retrying request with exception java.net.UnknownHostException. Message: services.nvd.nist.gov
2026-07-26 07:18:06,143 io.github.jeremylong.openvulnerability.client.nvd.NvdApiRetryStrategy:97
WARN  - Retrying request /rest/json/cves/2.0?resultsPerPage=2000&startIndex=226000 : 6th time
2026-07-26 07:18:06,145 io.github.jeremylong.openvulnerability.client.nvd.NvdApiRetryStrategy:99
DEBUG - Retrying request with exception java.net.UnknownHostException. Message: services.nvd.nist.gov
2026-07-26 07:18:06,146 io.github.jeremylong.openvulnerability.client.nvd.NvdApiRetryStrategy:97
WARN  - Retrying request /rest/json/cves/2.0?resultsPerPage=2000&startIndex=226000 : 7th time
2026-07-26 07:18:06,147 io.github.jeremylong.openvulnerability.client.nvd.NvdApiRetryStrategy:99
DEBUG - Retrying request with exception java.net.UnknownHostException. Message: services.nvd.nist.gov
2026-07-26 07:18:06,147 io.github.jeremylong.openvulnerability.client.nvd.NvdApiRetryStrategy:97
WARN  - Retrying request /rest/json/cves/2.0?resultsPerPage=2000&startIndex=226000 : 8th time
2026-07-26 07:18:06,147 io.github.jeremylong.openvulnerability.client.nvd.NvdApiRetryStrategy:99
DEBUG - Retrying request with exception java.net.UnknownHostException. Message: services.nvd.nist.gov
2026-07-26 07:18:06,147 io.github.jeremylong.openvulnerability.client.nvd.NvdApiRetryStrategy:97
WARN  - Retrying request /rest/json/cves/2.0?resultsPerPage=2000&startIndex=226000 : 9th time
2026-07-26 07:18:06,149 io.github.jeremylong.openvulnerability.client.nvd.NvdApiRetryStrategy:99
DEBUG - Retrying request with exception java.net.UnknownHostException. Message: services.nvd.nist.gov
2026-07-26 07:18:06,149 io.github.jeremylong.openvulnerability.client.nvd.NvdApiRetryStrategy:97
WARN  - Retrying request /rest/json/cves/2.0?resultsPerPage=2000&startIndex=226000 : 10th time
2026-07-26 07:18:06,150 io.github.jeremylong.openvulnerability.client.nvd.NvdApiRetryStrategy:99
DEBUG - Retrying request with exception java.net.UnknownHostException. Message: services.nvd.nist.gov
2026-07-26 07:18:06,151 io.github.jeremylong.openvulnerability.client.nvd.NvdApiRetryStrategy:97
WARN  - Retrying request /rest/json/cves/2.0?resultsPerPage=2000&startIndex=226000 : 11th time
2026-07-26 07:18:06,152 io.github.jeremylong.openvulnerability.client.nvd.NvdApiRetryStrategy:99
DEBUG - Retrying request with exception java.net.UnknownHostException. Message: services.nvd.nist.gov
2026-07-26 07:18:06,152 io.github.jeremylong.openvulnerability.client.nvd.NvdApiRetryStrategy:97
WARN  - Retrying request /rest/json/cves/2.0?resultsPerPage=2000&startIndex=226000 : 12th time
2026-07-26 07:18:06,153 io.github.jeremylong.openvulnerability.client.nvd.NvdApiRetryStrategy:99
DEBUG - Retrying request with exception java.net.UnknownHostException. Message: services.nvd.nist.gov
2026-07-26 07:18:06,154 io.github.jeremylong.openvulnerability.client.nvd.NvdApiRetryStrategy:97
WARN  - Retrying request /rest/json/cves/2.0?resultsPerPage=2000&startIndex=226000 : 13th time
2026-07-26 07:18:06,162 io.github.jeremylong.openvulnerability.client.nvd.NvdApiRetryStrategy:99
DEBUG - Retrying request with exception java.net.UnknownHostException. Message: services.nvd.nist.gov
2026-07-26 07:18:06,163 io.github.jeremylong.openvulnerability.client.nvd.NvdApiRetryStrategy:97
WARN  - Retrying request /rest/json/cves/2.0?resultsPerPage=2000&startIndex=226000 : 14th time
2026-07-26 07:18:06,181 io.github.jeremylong.openvulnerability.client.nvd.NvdApiRetryStrategy:99
DEBUG - Retrying request with exception java.net.UnknownHostException. Message: services.nvd.nist.gov
2026-07-26 07:18:06,182 io.github.jeremylong.openvulnerability.client.nvd.NvdApiRetryStrategy:91
WARN  - NVD API request failures are occurring; retrying request for the 15th time
2026-07-26 07:18:06,218 io.github.jeremylong.openvulnerability.client.nvd.NvdApiRetryStrategy:93
DEBUG - NVD API request failures with exception : java.net.UnknownHostException. Message: services.nvd.nist.gov
2026-07-26 07:18:06,219 io.github.jeremylong.openvulnerability.client.nvd.NvdApiRetryStrategy:91
WARN  - NVD API request failures are occurring; retrying request for the 16th time
2026-07-26 07:18:06,244 io.github.jeremylong.openvulnerability.client.nvd.NvdApiRetryStrategy:93
DEBUG - NVD API request failures with exception : java.net.UnknownHostException. Message: services.nvd.nist.gov
2026-07-26 07:18:06,246 io.github.jeremylong.openvulnerability.client.nvd.NvdApiRetryStrategy:91
WARN  - NVD API request failures are occurring; retrying request for the 17th time
2026-07-26 07:18:06,262 io.github.jeremylong.openvulnerability.client.nvd.NvdApiRetryStrategy:93
DEBUG - NVD API request failures with exception : java.net.UnknownHostException. Message: services.nvd.nist.gov
2026-07-26 07:18:06,264 io.github.jeremylong.openvulnerability.client.nvd.NvdApiRetryStrategy:91
WARN  - NVD API request failures are occurring; retrying request for the 18th time
2026-07-26 07:18:06,267 io.github.jeremylong.openvulnerability.client.nvd.NvdApiRetryStrategy:93
DEBUG - NVD API request failures with exception : java.net.UnknownHostException. Message: services.nvd.nist.gov
2026-07-26 07:18:06,269 io.github.jeremylong.openvulnerability.client.nvd.NvdApiRetryStrategy:91
WARN  - NVD API request failures are occurring; retrying request for the 19th time
2026-07-26 07:18:06,270 io.github.jeremylong.openvulnerability.client.nvd.NvdApiRetryStrategy:93
DEBUG - NVD API request failures with exception : java.net.UnknownHostException. Message: services.nvd.nist.gov
2026-07-26 07:18:06,272 io.github.jeremylong.openvulnerability.client.nvd.NvdApiRetryStrategy:91
WARN  - NVD API request failures are occurring; retrying request for the 20th time
2026-07-26 07:18:06,273 io.github.jeremylong.openvulnerability.client.nvd.NvdApiRetryStrategy:93
DEBUG - NVD API request failures with exception : java.net.UnknownHostException. Message: services.nvd.nist.gov
2026-07-26 07:18:06,274 io.github.jeremylong.openvulnerability.client.nvd.NvdApiRetryStrategy:91
WARN  - NVD API request failures are occurring; retrying request for the 21st time
2026-07-26 07:18:06,275 io.github.jeremylong.openvulnerability.client.nvd.NvdApiRetryStrategy:93
DEBUG - NVD API request failures with exception : java.net.UnknownHostException. Message: services.nvd.nist.gov
2026-07-26 07:18:06,276 io.github.jeremylong.openvulnerability.client.nvd.NvdApiRetryStrategy:91
WARN  - NVD API request failures are occurring; retrying request for the 22nd time
2026-07-26 07:18:06,276 io.github.jeremylong.openvulnerability.client.nvd.NvdApiRetryStrategy:93
DEBUG - NVD API request failures with exception : java.net.UnknownHostException. Message: services.nvd.nist.gov
2026-07-26 07:18:06,277 io.github.jeremylong.openvulnerability.client.nvd.NvdApiRetryStrategy:91
WARN  - NVD API request failures are occurring; retrying request for the 23rd time
2026-07-26 07:18:06,278 io.github.jeremylong.openvulnerability.client.nvd.NvdApiRetryStrategy:93
DEBUG - NVD API request failures with exception : java.net.UnknownHostException. Message: services.nvd.nist.gov
2026-07-26 07:18:06,278 io.github.jeremylong.openvulnerability.client.nvd.NvdApiRetryStrategy:91
WARN  - NVD API request failures are occurring; retrying request for the 24th time
2026-07-26 07:18:06,281 io.github.jeremylong.openvulnerability.client.nvd.NvdApiRetryStrategy:93
DEBUG - NVD API request failures with exception : java.net.UnknownHostException. Message: services.nvd.nist.gov
2026-07-26 07:18:06,282 io.github.jeremylong.openvulnerability.client.nvd.NvdApiRetryStrategy:91
WARN  - NVD API request failures are occurring; retrying request for the 25th time
2026-07-26 07:18:06,284 io.github.jeremylong.openvulnerability.client.nvd.NvdApiRetryStrategy:93
DEBUG - NVD API request failures with exception : java.net.UnknownHostException. Message: services.nvd.nist.gov
2026-07-26 07:18:06,285 io.github.jeremylong.openvulnerability.client.nvd.NvdApiRetryStrategy:91
WARN  - NVD API request failures are occurring; retrying request for the 26th time
2026-07-26 07:18:06,306 io.github.jeremylong.openvulnerability.client.nvd.NvdApiRetryStrategy:93
DEBUG - NVD API request failures with exception : java.net.UnknownHostException. Message: services.nvd.nist.gov
2026-07-26 07:18:06,306 io.github.jeremylong.openvulnerability.client.nvd.NvdApiRetryStrategy:91
WARN  - NVD API request failures are occurring; retrying request for the 27th time
2026-07-26 07:18:06,306 io.github.jeremylong.openvulnerability.client.nvd.NvdApiRetryStrategy:93
DEBUG - NVD API request failures with exception : java.net.UnknownHostException. Message: services.nvd.nist.gov
2026-07-26 07:18:06,309 io.github.jeremylong.openvulnerability.client.nvd.NvdApiRetryStrategy:91
WARN  - NVD API request failures are occurring; retrying request for the 28th time
2026-07-26 07:18:06,309 io.github.jeremylong.openvulnerability.client.nvd.NvdApiRetryStrategy:93
DEBUG - NVD API request failures with exception : java.net.UnknownHostException. Message: services.nvd.nist.gov
2026-07-26 07:18:06,311 io.github.jeremylong.openvulnerability.client.nvd.NvdApiRetryStrategy:91
WARN  - NVD API request failures are occurring; retrying request for the 29th time
2026-07-26 07:18:06,311 io.github.jeremylong.openvulnerability.client.nvd.NvdApiRetryStrategy:93
DEBUG - NVD API request failures with exception : java.net.UnknownHostException. Message: services.nvd.nist.gov
2026-07-26 07:18:06,312 io.github.jeremylong.openvulnerability.client.nvd.NvdApiRetryStrategy:91
WARN  - NVD API request failures are occurring; retrying request for the 30th time
2026-07-26 07:18:06,313 io.github.jeremylong.openvulnerability.client.nvd.NvdApiRetryStrategy:93
DEBUG - NVD API request failures with exception : java.net.UnknownHostException. Message: services.nvd.nist.gov
2026-07-26 07:18:06,313 io.github.jeremylong.openvulnerability.client.nvd.NvdApiRetryStrategy:91
WARN  - NVD API request failures are occurring; retrying request for the 31st time
2026-07-26 07:18:06,314 io.github.jeremylong.openvulnerability.client.nvd.NvdApiRetryStrategy:93
DEBUG - NVD API request failures with exception : java.net.UnknownHostException. Message: services.nvd.nist.gov
2026-07-26 07:18:06,315 io.github.jeremylong.openvulnerability.client.nvd.RateMeter:125
DEBUG - Rate limit usage: 2/5 in the last 32500ms
2026-07-26 07:18:06,315 io.github.jeremylong.openvulnerability.client.nvd.RateLimitedClient:324
DEBUG - Requested At: 07:18:06; URI: /rest/json/cves/2.0?resultsPerPage=2000&startIndex=228000
2026-07-26 07:18:06,314 io.github.jeremylong.openvulnerability.client.nvd.RateLimitedClient$SimpleFutureResponse:355
DEBUG - request failed
java.net.UnknownHostException: services.nvd.nist.gov
	at java.base/java.net.InetAddress$CachedAddresses.get(InetAddress.java:801)
	at java.base/java.net.InetAddress.getAllByName0(InetAddress.java:1533)
	at java.base/java.net.InetAddress.getAllByName(InetAddress.java:1385)
	at java.base/java.net.InetAddress.getAllByName(InetAddress.java:1306)
	at org.apache.hc.client5.http.SystemDefaultDnsResolver.resolve(SystemDefaultDnsResolver.java:61)
	at org.apache.hc.client5.http.DnsResolver.resolve(DnsResolver.java:77)
	at org.apache.hc.client5.http.impl.nio.MultihomeIOSessionRequester.connect(MultihomeIOSessionRequester.java:113)
	at org.apache.hc.client5.http.impl.nio.DefaultAsyncClientConnectionOperator.connect(DefaultAsyncClientConnectionOperator.java:147)
	at org.apache.hc.client5.http.impl.nio.PoolingAsyncClientConnectionManager.connect(PoolingAsyncClientConnectionManager.java:499)
	at org.apache.hc.client5.http.impl.async.InternalHttpAsyncExecRuntime.connectEndpoint(InternalHttpAsyncExecRuntime.java:230)
	at org.apache.hc.client5.http.impl.async.AsyncConnectExec.doProceedToNextHop(AsyncConnectExec.java:222)
	at org.apache.hc.client5.http.impl.async.AsyncConnectExec.proceedToNextHop(AsyncConnectExec.java:197)
	at org.apache.hc.client5.http.impl.async.AsyncConnectExec.access$000(AsyncConnectExec.java:92)
	at org.apache.hc.client5.http.impl.async.AsyncConnectExec$1.completed(AsyncConnectExec.java:164)
	at org.apache.hc.client5.http.impl.async.AsyncConnectExec$1.completed(AsyncConnectExec.java:153)
	at org.apache.hc.client5.http.impl.async.InternalHttpAsyncExecRuntime$1.completed(InternalHttpAsyncExecRuntime.java:132)
	at org.apache.hc.client5.http.impl.async.InternalHttpAsyncExecRuntime$1.completed(InternalHttpAsyncExecRuntime.java:124)
	at org.apache.hc.core5.concurrent.BasicFuture.completed(BasicFuture.java:148)
	at org.apache.hc.client5.http.impl.nio.PoolingAsyncClientConnectionManager$3$1.leaseCompleted(PoolingAsyncClientConnectionManager.java:372)
	at org.apache.hc.client5.http.impl.nio.PoolingAsyncClientConnectionManager$3$1.completed(PoolingAsyncClientConnectionManager.java:354)
	at org.apache.hc.client5.http.impl.nio.PoolingAsyncClientConnectionManager$3$1.completed(PoolingAsyncClientConnectionManager.java:300)
	at org.apache.hc.core5.concurrent.BasicFuture.completed(BasicFuture.java:148)
	at org.apache.hc.core5.pool.StrictConnPool.fireCallbacks(StrictConnPool.java:396)
	at org.apache.hc.core5.pool.StrictConnPool.lease(StrictConnPool.java:214)
	at org.apache.hc.client5.http.impl.nio.PoolingAsyncClientConnectionManager$3.<init>(PoolingAsyncClientConnectionManager.java:297)
	at org.apache.hc.client5.http.impl.nio.PoolingAsyncClientConnectionManager.lease(PoolingAsyncClientConnectionManager.java:292)
	at org.apache.hc.client5.http.impl.async.InternalHttpAsyncExecRuntime.acquireEndpoint(InternalHttpAsyncExecRuntime.java:119)
	at org.apache.hc.client5.http.impl.async.AsyncConnectExec.execute(AsyncConnectExec.java:152)
	at org.apache.hc.client5.http.impl.async.AsyncExecChainElement.execute(AsyncExecChainElement.java:54)
	at org.apache.hc.client5.http.impl.async.AsyncProtocolExec.internalExecute(AsyncProtocolExec.java:206)
	at org.apache.hc.client5.http.impl.async.AsyncProtocolExec.execute(AsyncProtocolExec.java:171)
	at org.apache.hc.client5.http.impl.async.AsyncExecChainElement.execute(AsyncExecChainElement.java:54)
	at org.apache.hc.client5.http.impl.async.AsyncHttpRequestRetryExec.internalExecute(AsyncHttpRequestRetryExec.java:114)
	at org.apache.hc.client5.http.impl.async.AsyncHttpRequestRetryExec.execute(AsyncHttpRequestRetryExec.java:219)
	at org.apache.hc.client5.http.impl.async.AsyncHttpRequestRetryExec$1.lambda$failed$1(AsyncHttpRequestRetryExec.java:197)
	at org.apache.hc.client5.http.impl.async.InternalAbstractHttpAsyncClient$ScheduledRequestExecution.run(InternalAbstractHttpAsyncClient.java:434)
	at java.base/java.util.concurrent.Executors$RunnableAdapter.call(Executors.java:539)
	at java.base/java.util.concurrent.FutureTask.run(FutureTask.java:264)
	at java.base/java.util.concurrent.ScheduledThreadPoolExecutor$ScheduledFutureTask.run(ScheduledThreadPoolExecutor.java:304)
	at java.base/java.util.concurrent.ThreadPoolExecutor.runWorker(ThreadPoolExecutor.java:1136)
	at java.base/java.util.concurrent.ThreadPoolExecutor$Worker.run(ThreadPoolExecutor.java:635)
	at java.base/java.lang.Thread.run(Thread.java:840)
2026-07-26 07:18:06,317 io.github.jeremylong.openvulnerability.client.nvd.NvdApiRetryStrategy:97
WARN  - Retrying request /rest/json/cves/2.0?resultsPerPage=2000&startIndex=228000 : 2nd time
2026-07-26 07:18:06,319 io.github.jeremylong.openvulnerability.client.nvd.NvdApiRetryStrategy:99
DEBUG - Retrying request with exception java.net.UnknownHostException. Message: services.nvd.nist.gov
2026-07-26 07:18:06,320 io.github.jeremylong.openvulnerability.client.nvd.NvdApiRetryStrategy:97
WARN  - Retrying request /rest/json/cves/2.0?resultsPerPage=2000&startIndex=228000 : 3rd time
2026-07-26 07:18:06,320 io.github.jeremylong.openvulnerability.client.nvd.NvdApiRetryStrategy:99
DEBUG - Retrying request with exception java.net.UnknownHostException. Message: services.nvd.nist.gov
2026-07-26 07:18:06,321 io.github.jeremylong.openvulnerability.client.nvd.NvdApiRetryStrategy:97
WARN  - Retrying request /rest/json/cves/2.0?resultsPerPage=2000&startIndex=228000 : 4th time
2026-07-26 07:18:06,321 io.github.jeremylong.openvulnerability.client.nvd.NvdApiRetryStrategy:99
DEBUG - Retrying request with exception java.net.UnknownHostException. Message: services.nvd.nist.gov
2026-07-26 07:18:06,322 io.github.jeremylong.openvulnerability.client.nvd.NvdApiRetryStrategy:97
WARN  - Retrying request /rest/json/cves/2.0?resultsPerPage=2000&startIndex=228000 : 5th time
2026-07-26 07:18:06,323 io.github.jeremylong.openvulnerability.client.nvd.NvdApiRetryStrategy:99
DEBUG - Retrying request with exception java.net.UnknownHostException. Message: services.nvd.nist.gov
2026-07-26 07:18:06,323 io.github.jeremylong.openvulnerability.client.nvd.NvdApiRetryStrategy:97
WARN  - Retrying request /rest/json/cves/2.0?resultsPerPage=2000&startIndex=228000 : 6th time
2026-07-26 07:18:06,324 io.github.jeremylong.openvulnerability.client.nvd.NvdApiRetryStrategy:99
DEBUG - Retrying request with exception java.net.UnknownHostException. Message: services.nvd.nist.gov
2026-07-26 07:18:06,325 io.github.jeremylong.openvulnerability.client.nvd.NvdApiRetryStrategy:97
WARN  - Retrying request /rest/json/cves/2.0?resultsPerPage=2000&startIndex=228000 : 7th time
2026-07-26 07:18:06,325 io.github.jeremylong.openvulnerability.client.nvd.NvdApiRetryStrategy:99
DEBUG - Retrying request with exception java.net.UnknownHostException. Message: services.nvd.nist.gov
2026-07-26 07:18:06,326 io.github.jeremylong.openvulnerability.client.nvd.NvdApiRetryStrategy:97
WARN  - Retrying request /rest/json/cves/2.0?resultsPerPage=2000&startIndex=228000 : 8th time
2026-07-26 07:18:06,328 io.github.jeremylong.openvulnerability.client.nvd.NvdApiRetryStrategy:99
DEBUG - Retrying request with exception java.net.UnknownHostException. Message: services.nvd.nist.gov
2026-07-26 07:18:06,328 io.github.jeremylong.openvulnerability.client.nvd.NvdApiRetryStrategy:97
WARN  - Retrying request /rest/json/cves/2.0?resultsPerPage=2000&startIndex=228000 : 9th time
2026-07-26 07:18:06,329 io.github.jeremylong.openvulnerability.client.nvd.NvdApiRetryStrategy:99
DEBUG - Retrying request with exception java.net.UnknownHostException. Message: services.nvd.nist.gov
2026-07-26 07:18:06,331 io.github.jeremylong.openvulnerability.client.nvd.NvdApiRetryStrategy:97
WARN  - Retrying request /rest/json/cves/2.0?resultsPerPage=2000&startIndex=228000 : 10th time
2026-07-26 07:18:06,334 io.github.jeremylong.openvulnerability.client.nvd.NvdApiRetryStrategy:99
DEBUG - Retrying request with exception java.net.UnknownHostException. Message: services.nvd.nist.gov
2026-07-26 07:18:06,335 io.github.jeremylong.openvulnerability.client.nvd.NvdApiRetryStrategy:97
WARN  - Retrying request /rest/json/cves/2.0?resultsPerPage=2000&startIndex=228000 : 11th time
2026-07-26 07:18:06,336 io.github.jeremylong.openvulnerability.client.nvd.NvdApiRetryStrategy:99
DEBUG - Retrying request with exception java.net.UnknownHostException. Message: services.nvd.nist.gov
2026-07-26 07:18:06,338 io.github.jeremylong.openvulnerability.client.nvd.NvdApiRetryStrategy:97
WARN  - Retrying request /rest/json/cves/2.0?resultsPerPage=2000&startIndex=228000 : 12th time
2026-07-26 07:18:06,339 io.github.jeremylong.openvulnerability.client.nvd.NvdApiRetryStrategy:99
DEBUG - Retrying request with exception java.net.UnknownHostException. Message: services.nvd.nist.gov
2026-07-26 07:18:06,340 io.github.jeremylong.openvulnerability.client.nvd.NvdApiRetryStrategy:97
WARN  - Retrying request /rest/json/cves/2.0?resultsPerPage=2000&startIndex=228000 : 13th time
2026-07-26 07:18:06,340 io.github.jeremylong.openvulnerability.client.nvd.NvdApiRetryStrategy:99
DEBUG - Retrying request with exception java.net.UnknownHostException. Message: services.nvd.nist.gov
2026-07-26 07:18:06,341 io.github.jeremylong.openvulnerability.client.nvd.NvdApiRetryStrategy:97
WARN  - Retrying request /rest/json/cves/2.0?resultsPerPage=2000&startIndex=228000 : 14th time
2026-07-26 07:18:06,341 io.github.jeremylong.openvulnerability.client.nvd.NvdApiRetryStrategy:99
DEBUG - Retrying request with exception java.net.UnknownHostException. Message: services.nvd.nist.gov
2026-07-26 07:18:06,342 io.github.jeremylong.openvulnerability.client.nvd.NvdApiRetryStrategy:91
WARN  - NVD API request failures are occurring; retrying request for the 15th time
2026-07-26 07:18:06,342 io.github.jeremylong.openvulnerability.client.nvd.NvdApiRetryStrategy:93
DEBUG - NVD API request failures with exception : java.net.UnknownHostException. Message: services.nvd.nist.gov
2026-07-26 07:18:06,343 io.github.jeremylong.openvulnerability.client.nvd.NvdApiRetryStrategy:91
WARN  - NVD API request failures are occurring; retrying request for the 16th time
2026-07-26 07:18:06,344 io.github.jeremylong.openvulnerability.client.nvd.NvdApiRetryStrategy:93
DEBUG - NVD API request failures with exception : java.net.UnknownHostException. Message: services.nvd.nist.gov
2026-07-26 07:18:06,345 io.github.jeremylong.openvulnerability.client.nvd.NvdApiRetryStrategy:91
WARN  - NVD API request failures are occurring; retrying request for the 17th time
2026-07-26 07:18:06,346 io.github.jeremylong.openvulnerability.client.nvd.NvdApiRetryStrategy:93
DEBUG - NVD API request failures with exception : java.net.UnknownHostException. Message: services.nvd.nist.gov
2026-07-26 07:18:06,347 io.github.jeremylong.openvulnerability.client.nvd.NvdApiRetryStrategy:91
WARN  - NVD API request failures are occurring; retrying request for the 18th time
2026-07-26 07:18:06,348 io.github.jeremylong.openvulnerability.client.nvd.NvdApiRetryStrategy:93
DEBUG - NVD API request failures with exception : java.net.UnknownHostException. Message: services.nvd.nist.gov
2026-07-26 07:18:06,349 io.github.jeremylong.openvulnerability.client.nvd.NvdApiRetryStrategy:91
WARN  - NVD API request failures are occurring; retrying request for the 19th time
2026-07-26 07:18:06,349 io.github.jeremylong.openvulnerability.client.nvd.NvdApiRetryStrategy:93
DEBUG - NVD API request failures with exception : java.net.UnknownHostException. Message: services.nvd.nist.gov
2026-07-26 07:18:06,351 io.github.jeremylong.openvulnerability.client.nvd.NvdApiRetryStrategy:91
WARN  - NVD API request failures are occurring; retrying request for the 20th time
2026-07-26 07:18:06,354 io.github.jeremylong.openvulnerability.client.nvd.NvdApiRetryStrategy:93
DEBUG - NVD API request failures with exception : java.net.UnknownHostException. Message: services.nvd.nist.gov
2026-07-26 07:18:06,355 io.github.jeremylong.openvulnerability.client.nvd.NvdApiRetryStrategy:91
WARN  - NVD API request failures are occurring; retrying request for the 21st time
2026-07-26 07:18:06,355 io.github.jeremylong.openvulnerability.client.nvd.NvdApiRetryStrategy:93
DEBUG - NVD API request failures with exception : java.net.UnknownHostException. Message: services.nvd.nist.gov
2026-07-26 07:18:06,356 io.github.jeremylong.openvulnerability.client.nvd.NvdApiRetryStrategy:91
WARN  - NVD API request failures are occurring; retrying request for the 22nd time
2026-07-26 07:18:06,357 io.github.jeremylong.openvulnerability.client.nvd.NvdApiRetryStrategy:93
DEBUG - NVD API request failures with exception : java.net.UnknownHostException. Message: services.nvd.nist.gov
2026-07-26 07:18:06,358 io.github.jeremylong.openvulnerability.client.nvd.NvdApiRetryStrategy:91
WARN  - NVD API request failures are occurring; retrying request for the 23rd time
2026-07-26 07:18:06,359 io.github.jeremylong.openvulnerability.client.nvd.NvdApiRetryStrategy:93
DEBUG - NVD API request failures with exception : java.net.UnknownHostException. Message: services.nvd.nist.gov
2026-07-26 07:18:06,360 io.github.jeremylong.openvulnerability.client.nvd.NvdApiRetryStrategy:91
WARN  - NVD API request failures are occurring; retrying request for the 24th time
2026-07-26 07:18:06,361 io.github.jeremylong.openvulnerability.client.nvd.NvdApiRetryStrategy:93
DEBUG - NVD API request failures with exception : java.net.UnknownHostException. Message: services.nvd.nist.gov
2026-07-26 07:18:06,361 io.github.jeremylong.openvulnerability.client.nvd.NvdApiRetryStrategy:91
WARN  - NVD API request failures are occurring; retrying request for the 25th time
2026-07-26 07:18:06,362 io.github.jeremylong.openvulnerability.client.nvd.NvdApiRetryStrategy:93
DEBUG - NVD API request failures with exception : java.net.UnknownHostException. Message: services.nvd.nist.gov
2026-07-26 07:18:06,363 io.github.jeremylong.openvulnerability.client.nvd.NvdApiRetryStrategy:91
WARN  - NVD API request failures are occurring; retrying request for the 26th time
2026-07-26 07:18:06,364 io.github.jeremylong.openvulnerability.client.nvd.NvdApiRetryStrategy:93
DEBUG - NVD API request failures with exception : java.net.UnknownHostException. Message: services.nvd.nist.gov
2026-07-26 07:18:06,366 io.github.jeremylong.openvulnerability.client.nvd.NvdApiRetryStrategy:91
WARN  - NVD API request failures are occurring; retrying request for the 27th time
2026-07-26 07:18:06,367 io.github.jeremylong.openvulnerability.client.nvd.NvdApiRetryStrategy:93
DEBUG - NVD API request failures with exception : java.net.UnknownHostException. Message: services.nvd.nist.gov
2026-07-26 07:18:06,368 io.github.jeremylong.openvulnerability.client.nvd.NvdApiRetryStrategy:91
WARN  - NVD API request failures are occurring; retrying request for the 28th time
2026-07-26 07:18:06,369 io.github.jeremylong.openvulnerability.client.nvd.NvdApiRetryStrategy:93
DEBUG - NVD API request failures with exception : java.net.UnknownHostException. Message: services.nvd.nist.gov
2026-07-26 07:18:06,370 io.github.jeremylong.openvulnerability.client.nvd.NvdApiRetryStrategy:91
WARN  - NVD API request failures are occurring; retrying request for the 29th time
2026-07-26 07:18:06,374 io.github.jeremylong.openvulnerability.client.nvd.NvdApiRetryStrategy:93
DEBUG - NVD API request failures with exception : java.net.UnknownHostException. Message: services.nvd.nist.gov
2026-07-26 07:18:06,375 io.github.jeremylong.openvulnerability.client.nvd.NvdApiRetryStrategy:91
WARN  - NVD API request failures are occurring; retrying request for the 30th time
2026-07-26 07:18:06,376 io.github.jeremylong.openvulnerability.client.nvd.NvdApiRetryStrategy:93
DEBUG - NVD API request failures with exception : java.net.UnknownHostException. Message: services.nvd.nist.gov
2026-07-26 07:18:06,377 io.github.jeremylong.openvulnerability.client.nvd.NvdApiRetryStrategy:91
WARN  - NVD API request failures are occurring; retrying request for the 31st time
2026-07-26 07:18:06,377 io.github.jeremylong.openvulnerability.client.nvd.NvdApiRetryStrategy:93
DEBUG - NVD API request failures with exception : java.net.UnknownHostException. Message: services.nvd.nist.gov
2026-07-26 07:18:06,378 io.github.jeremylong.openvulnerability.client.nvd.RateMeter:125
DEBUG - Rate limit usage: 3/5 in the last 32500ms
2026-07-26 07:18:06,378 io.github.jeremylong.openvulnerability.client.nvd.RateLimitedClient:324
DEBUG - Requested At: 07:18:06; URI: /rest/json/cves/2.0?resultsPerPage=2000&startIndex=230000
2026-07-26 07:18:06,378 io.github.jeremylong.openvulnerability.client.nvd.RateLimitedClient$SimpleFutureResponse:355
DEBUG - request failed
java.net.UnknownHostException: services.nvd.nist.gov
	at java.base/java.net.InetAddress$CachedAddresses.get(InetAddress.java:801)
	at java.base/java.net.InetAddress.getAllByName0(InetAddress.java:1533)
	at java.base/java.net.InetAddress.getAllByName(InetAddress.java:1385)
	at java.base/java.net.InetAddress.getAllByName(InetAddress.java:1306)
	at org.apache.hc.client5.http.SystemDefaultDnsResolver.resolve(SystemDefaultDnsResolver.java:61)
	at org.apache.hc.client5.http.DnsResolver.resolve(DnsResolver.java:77)
	at org.apache.hc.client5.http.impl.nio.MultihomeIOSessionRequester.connect(MultihomeIOSessionRequester.java:113)
	at org.apache.hc.client5.http.impl.nio.DefaultAsyncClientConnectionOperator.connect(DefaultAsyncClientConnectionOperator.java:147)
	at org.apache.hc.client5.http.impl.nio.PoolingAsyncClientConnectionManager.connect(PoolingAsyncClientConnectionManager.java:499)
	at org.apache.hc.client5.http.impl.async.InternalHttpAsyncExecRuntime.connectEndpoint(InternalHttpAsyncExecRuntime.java:230)
	at org.apache.hc.client5.http.impl.async.AsyncConnectExec.doProceedToNextHop(AsyncConnectExec.java:222)
	at org.apache.hc.client5.http.impl.async.AsyncConnectExec.proceedToNextHop(AsyncConnectExec.java:197)
	at org.apache.hc.client5.http.impl.async.AsyncConnectExec.access$000(AsyncConnectExec.java:92)
	at org.apache.hc.client5.http.impl.async.AsyncConnectExec$1.completed(AsyncConnectExec.java:164)
	at org.apache.hc.client5.http.impl.async.AsyncConnectExec$1.completed(AsyncConnectExec.java:153)
	at org.apache.hc.client5.http.impl.async.InternalHttpAsyncExecRuntime$1.completed(InternalHttpAsyncExecRuntime.java:132)
	at org.apache.hc.client5.http.impl.async.InternalHttpAsyncExecRuntime$1.completed(InternalHttpAsyncExecRuntime.java:124)
	at org.apache.hc.core5.concurrent.BasicFuture.completed(BasicFuture.java:148)
	at org.apache.hc.client5.http.impl.nio.PoolingAsyncClientConnectionManager$3$1.leaseCompleted(PoolingAsyncClientConnectionManager.java:372)
	at org.apache.hc.client5.http.impl.nio.PoolingAsyncClientConnectionManager$3$1.completed(PoolingAsyncClientConnectionManager.java:354)
	at org.apache.hc.client5.http.impl.nio.PoolingAsyncClientConnectionManager$3$1.completed(PoolingAsyncClientConnectionManager.java:300)
	at org.apache.hc.core5.concurrent.BasicFuture.completed(BasicFuture.java:148)
	at org.apache.hc.core5.pool.StrictConnPool.fireCallbacks(StrictConnPool.java:396)
	at org.apache.hc.core5.pool.StrictConnPool.lease(StrictConnPool.java:214)
	at org.apache.hc.client5.http.impl.nio.PoolingAsyncClientConnectionManager$3.<init>(PoolingAsyncClientConnectionManager.java:297)
	at org.apache.hc.client5.http.impl.nio.PoolingAsyncClientConnectionManager.lease(PoolingAsyncClientConnectionManager.java:292)
	at org.apache.hc.client5.http.impl.async.InternalHttpAsyncExecRuntime.acquireEndpoint(InternalHttpAsyncExecRuntime.java:119)
	at org.apache.hc.client5.http.impl.async.AsyncConnectExec.execute(AsyncConnectExec.java:152)
	at org.apache.hc.client5.http.impl.async.AsyncExecChainElement.execute(AsyncExecChainElement.java:54)
	at org.apache.hc.client5.http.impl.async.AsyncProtocolExec.internalExecute(AsyncProtocolExec.java:206)
	at org.apache.hc.client5.http.impl.async.AsyncProtocolExec.execute(AsyncProtocolExec.java:171)
	at org.apache.hc.client5.http.impl.async.AsyncExecChainElement.execute(AsyncExecChainElement.java:54)
	at org.apache.hc.client5.http.impl.async.AsyncHttpRequestRetryExec.internalExecute(AsyncHttpRequestRetryExec.java:114)
	at org.apache.hc.client5.http.impl.async.AsyncHttpRequestRetryExec.execute(AsyncHttpRequestRetryExec.java:219)
	at org.apache.hc.client5.http.impl.async.AsyncHttpRequestRetryExec$1.lambda$failed$1(AsyncHttpRequestRetryExec.java:197)
	at org.apache.hc.client5.http.impl.async.InternalAbstractHttpAsyncClient$ScheduledRequestExecution.run(InternalAbstractHttpAsyncClient.java:434)
	at java.base/java.util.concurrent.Executors$RunnableAdapter.call(Executors.java:539)
	at java.base/java.util.concurrent.FutureTask.run(FutureTask.java:264)
	at java.base/java.util.concurrent.ScheduledThreadPoolExecutor$ScheduledFutureTask.run(ScheduledThreadPoolExecutor.java:304)
	at java.base/java.util.concurrent.ThreadPoolExecutor.runWorker(ThreadPoolExecutor.java:1136)
	at java.base/java.util.concurrent.ThreadPoolExecutor$Worker.run(ThreadPoolExecutor.java:635)
	at java.base/java.lang.Thread.run(Thread.java:840)
2026-07-26 07:18:06,379 io.github.jeremylong.openvulnerability.client.nvd.NvdApiRetryStrategy:97
WARN  - Retrying request /rest/json/cves/2.0?resultsPerPage=2000&startIndex=230000 : 2nd time
2026-07-26 07:18:06,380 io.github.jeremylong.openvulnerability.client.nvd.NvdApiRetryStrategy:99
DEBUG - Retrying request with exception java.net.UnknownHostException. Message: services.nvd.nist.gov
2026-07-26 07:18:06,380 io.github.jeremylong.openvulnerability.client.nvd.NvdApiRetryStrategy:97
WARN  - Retrying request /rest/json/cves/2.0?resultsPerPage=2000&startIndex=230000 : 3rd time
2026-07-26 07:18:06,381 io.github.jeremylong.openvulnerability.client.nvd.NvdApiRetryStrategy:99
DEBUG - Retrying request with exception java.net.UnknownHostException. Message: services.nvd.nist.gov
2026-07-26 07:18:06,381 io.github.jeremylong.openvulnerability.client.nvd.NvdApiRetryStrategy:97
WARN  - Retrying request /rest/json/cves/2.0?resultsPerPage=2000&startIndex=230000 : 4th time
2026-07-26 07:18:06,382 io.github.jeremylong.openvulnerability.client.nvd.NvdApiRetryStrategy:99
DEBUG - Retrying request with exception java.net.UnknownHostException. Message: services.nvd.nist.gov
2026-07-26 07:18:06,383 io.github.jeremylong.openvulnerability.client.nvd.NvdApiRetryStrategy:97
WARN  - Retrying request /rest/json/cves/2.0?resultsPerPage=2000&startIndex=230000 : 5th time
2026-07-26 07:18:06,384 io.github.jeremylong.openvulnerability.client.nvd.NvdApiRetryStrategy:99
DEBUG - Retrying request with exception java.net.UnknownHostException. Message: services.nvd.nist.gov
2026-07-26 07:18:06,385 io.github.jeremylong.openvulnerability.client.nvd.NvdApiRetryStrategy:97
WARN  - Retrying request /rest/json/cves/2.0?resultsPerPage=2000&startIndex=230000 : 6th time
2026-07-26 07:18:06,385 io.github.jeremylong.openvulnerability.client.nvd.NvdApiRetryStrategy:99
DEBUG - Retrying request with exception java.net.UnknownHostException. Message: services.nvd.nist.gov
2026-07-26 07:18:06,386 io.github.jeremylong.openvulnerability.client.nvd.NvdApiRetryStrategy:97
WARN  - Retrying request /rest/json/cves/2.0?resultsPerPage=2000&startIndex=230000 : 7th time
2026-07-26 07:18:06,387 io.github.jeremylong.openvulnerability.client.nvd.NvdApiRetryStrategy:99
DEBUG - Retrying request with exception java.net.UnknownHostException. Message: services.nvd.nist.gov
2026-07-26 07:18:06,388 io.github.jeremylong.openvulnerability.client.nvd.NvdApiRetryStrategy:97
WARN  - Retrying request /rest/json/cves/2.0?resultsPerPage=2000&startIndex=230000 : 8th time
2026-07-26 07:18:06,389 io.github.jeremylong.openvulnerability.client.nvd.NvdApiRetryStrategy:99
DEBUG - Retrying request with exception java.net.UnknownHostException. Message: services.nvd.nist.gov
2026-07-26 07:18:06,390 io.github.jeremylong.openvulnerability.client.nvd.NvdApiRetryStrategy:97
WARN  - Retrying request /rest/json/cves/2.0?resultsPerPage=2000&startIndex=230000 : 9th time
2026-07-26 07:18:06,392 io.github.jeremylong.openvulnerability.client.nvd.NvdApiRetryStrategy:99
DEBUG - Retrying request with exception java.net.UnknownHostException. Message: services.nvd.nist.gov
2026-07-26 07:18:06,392 io.github.jeremylong.openvulnerability.client.nvd.NvdApiRetryStrategy:97
WARN  - Retrying request /rest/json/cves/2.0?resultsPerPage=2000&startIndex=230000 : 10th time
2026-07-26 07:18:06,393 io.github.jeremylong.openvulnerability.client.nvd.NvdApiRetryStrategy:99
DEBUG - Retrying request with exception java.net.UnknownHostException. Message: services.nvd.nist.gov
2026-07-26 07:18:06,394 io.github.jeremylong.openvulnerability.client.nvd.NvdCveClient:454
DEBUG - Error retrieving the NVD data
java.util.concurrent.ExecutionException: java.util.concurrent.ExecutionException: java.net.UnknownHostException: services.nvd.nist.gov
	at java.base/java.util.concurrent.FutureTask.report(FutureTask.java:122)
	at java.base/java.util.concurrent.FutureTask.get(FutureTask.java:191)
	at io.github.jeremylong.openvulnerability.client.nvd.NvdCveClient.getCompletedFuture(NvdCveClient.java:519)
	at io.github.jeremylong.openvulnerability.client.nvd.NvdCveClient._next(NvdCveClient.java:370)
	at io.github.jeremylong.openvulnerability.client.nvd.NvdCveClient.next(NvdCveClient.java:356)
	at org.owasp.dependencycheck.data.update.NvdApiDataSource.processApi(NvdApiDataSource.java:343)
	at org.owasp.dependencycheck.data.update.NvdApiDataSource.update(NvdApiDataSource.java:128)
	at org.owasp.dependencycheck.Engine.doUpdates(Engine.java:887)
	at org.owasp.dependencycheck.Engine.doUpdates(Engine.java:859)
	at org.owasp.dependencycheck.App.runUpdateOnly(App.java:444)
	at org.owasp.dependencycheck.App.run(App.java:173)
	at org.owasp.dependencycheck.App.main(App.java:88)
Caused by: java.util.concurrent.ExecutionException: java.net.UnknownHostException: services.nvd.nist.gov
	at org.apache.hc.core5.concurrent.BasicFuture.getResult(BasicFuture.java:84)
	at org.apache.hc.core5.concurrent.BasicFuture.get(BasicFuture.java:99)
	at io.github.jeremylong.openvulnerability.client.nvd.RateLimitedClient.delayedExecute(RateLimitedClient.java:329)
	at io.github.jeremylong.openvulnerability.client.nvd.RateLimitedClient.lambda$execute$1(RateLimitedClient.java:280)
	at io.github.jeremylong.openvulnerability.client.nvd.RateLimitedClient$PrioritizedCallable.call(RateLimitedClient.java:406)
	at java.base/java.util.concurrent.FutureTask.run(FutureTask.java:264)
	at java.base/java.util.concurrent.ThreadPoolExecutor.runWorker(ThreadPoolExecutor.java:1136)
	at java.base/java.util.concurrent.ThreadPoolExecutor$Worker.run(ThreadPoolExecutor.java:635)
	at java.base/java.lang.Thread.run(Thread.java:840)
Caused by: java.net.UnknownHostException: services.nvd.nist.gov
	at java.base/java.net.InetAddress$CachedAddresses.get(InetAddress.java:801)
	at java.base/java.net.InetAddress.getAllByName0(InetAddress.java:1533)
	at java.base/java.net.InetAddress.getAllByName(InetAddress.java:1385)
	at java.base/java.net.InetAddress.getAllByName(InetAddress.java:1306)
	at org.apache.hc.client5.http.SystemDefaultDnsResolver.resolve(SystemDefaultDnsResolver.java:61)
	at org.apache.hc.client5.http.DnsResolver.resolve(DnsResolver.java:77)
	at org.apache.hc.client5.http.impl.nio.MultihomeIOSessionRequester.connect(MultihomeIOSessionRequester.java:113)
	at org.apache.hc.client5.http.impl.nio.DefaultAsyncClientConnectionOperator.connect(DefaultAsyncClientConnectionOperator.java:147)
	at org.apache.hc.client5.http.impl.nio.PoolingAsyncClientConnectionManager.connect(PoolingAsyncClientConnectionManager.java:499)
	at org.apache.hc.client5.http.impl.async.InternalHttpAsyncExecRuntime.connectEndpoint(InternalHttpAsyncExecRuntime.java:230)
	at org.apache.hc.client5.http.impl.async.AsyncConnectExec.doProceedToNextHop(AsyncConnectExec.java:222)
	at org.apache.hc.client5.http.impl.async.AsyncConnectExec.proceedToNextHop(AsyncConnectExec.java:197)
	at org.apache.hc.client5.http.impl.async.AsyncConnectExec.access$000(AsyncConnectExec.java:92)
	at org.apache.hc.client5.http.impl.async.AsyncConnectExec$1.completed(AsyncConnectExec.java:164)
	at org.apache.hc.client5.http.impl.async.AsyncConnectExec$1.completed(AsyncConnectExec.java:153)
	at org.apache.hc.client5.http.impl.async.InternalHttpAsyncExecRuntime$1.completed(InternalHttpAsyncExecRuntime.java:132)
	at org.apache.hc.client5.http.impl.async.InternalHttpAsyncExecRuntime$1.completed(InternalHttpAsyncExecRuntime.java:124)
	at org.apache.hc.core5.concurrent.BasicFuture.completed(BasicFuture.java:148)
	at org.apache.hc.client5.http.impl.nio.PoolingAsyncClientConnectionManager$3$1.leaseCompleted(PoolingAsyncClientConnectionManager.java:372)
	at org.apache.hc.client5.http.impl.nio.PoolingAsyncClientConnectionManager$3$1.completed(PoolingAsyncClientConnectionManager.java:354)
	at org.apache.hc.client5.http.impl.nio.PoolingAsyncClientConnectionManager$3$1.completed(PoolingAsyncClientConnectionManager.java:300)
	at org.apache.hc.core5.concurrent.BasicFuture.completed(BasicFuture.java:148)
	at org.apache.hc.core5.pool.StrictConnPool.fireCallbacks(StrictConnPool.java:396)
	at org.apache.hc.core5.pool.StrictConnPool.lease(StrictConnPool.java:214)
	at org.apache.hc.client5.http.impl.nio.PoolingAsyncClientConnectionManager$3.<init>(PoolingAsyncClientConnectionManager.java:297)
	at org.apache.hc.client5.http.impl.nio.PoolingAsyncClientConnectionManager.lease(PoolingAsyncClientConnectionManager.java:292)
	at org.apache.hc.client5.http.impl.async.InternalHttpAsyncExecRuntime.acquireEndpoint(InternalHttpAsyncExecRuntime.java:119)
	at org.apache.hc.client5.http.impl.async.AsyncConnectExec.execute(AsyncConnectExec.java:152)
	at org.apache.hc.client5.http.impl.async.AsyncExecChainElement.execute(AsyncExecChainElement.java:54)
	at org.apache.hc.client5.http.impl.async.AsyncProtocolExec.internalExecute(AsyncProtocolExec.java:206)
	at org.apache.hc.client5.http.impl.async.AsyncProtocolExec.execute(AsyncProtocolExec.java:171)
	at org.apache.hc.client5.http.impl.async.AsyncExecChainElement.execute(AsyncExecChainElement.java:54)
	at org.apache.hc.client5.http.impl.async.AsyncHttpRequestRetryExec.internalExecute(AsyncHttpRequestRetryExec.java:114)
	at org.apache.hc.client5.http.impl.async.AsyncHttpRequestRetryExec.execute(AsyncHttpRequestRetryExec.java:219)
	at org.apache.hc.client5.http.impl.async.AsyncHttpRequestRetryExec$1.lambda$failed$1(AsyncHttpRequestRetryExec.java:197)
	at org.apache.hc.client5.http.impl.async.InternalAbstractHttpAsyncClient$ScheduledRequestExecution.run(InternalAbstractHttpAsyncClient.java:434)
	at java.base/java.util.concurrent.Executors$RunnableAdapter.call(Executors.java:539)
	at java.base/java.util.concurrent.FutureTask.run(FutureTask.java:264)
	at java.base/java.util.concurrent.ScheduledThreadPoolExecutor$ScheduledFutureTask.run(ScheduledThreadPoolExecutor.java:304)
	... 3 common frames omitted
2026-07-26 07:18:06,394 io.github.jeremylong.openvulnerability.client.nvd.NvdApiRetryStrategy:97
WARN  - Retrying request /rest/json/cves/2.0?resultsPerPage=2000&startIndex=230000 : 11th time
2026-07-26 07:18:06,395 io.github.jeremylong.openvulnerability.client.nvd.NvdApiRetryStrategy:99
DEBUG - Retrying request with exception java.net.UnknownHostException. Message: services.nvd.nist.gov
2026-07-26 07:18:06,394 io.github.jeremylong.openvulnerability.client.nvd.NvdCveClient:454
DEBUG - Error retrieving the NVD data
java.util.concurrent.ExecutionException: java.util.concurrent.ExecutionException: java.net.UnknownHostException: services.nvd.nist.gov
	at java.base/java.util.concurrent.FutureTask.report(FutureTask.java:122)
	at java.base/java.util.concurrent.FutureTask.get(FutureTask.java:191)
	at io.github.jeremylong.openvulnerability.client.nvd.NvdCveClient.getCompletedFuture(NvdCveClient.java:519)
	at io.github.jeremylong.openvulnerability.client.nvd.NvdCveClient._next(NvdCveClient.java:370)
	at io.github.jeremylong.openvulnerability.client.nvd.NvdCveClient._next(NvdCveClient.java:456)
	at io.github.jeremylong.openvulnerability.client.nvd.NvdCveClient.next(NvdCveClient.java:356)
	at org.owasp.dependencycheck.data.update.NvdApiDataSource.processApi(NvdApiDataSource.java:343)
	at org.owasp.dependencycheck.data.update.NvdApiDataSource.update(NvdApiDataSource.java:128)
	at org.owasp.dependencycheck.Engine.doUpdates(Engine.java:887)
	at org.owasp.dependencycheck.Engine.doUpdates(Engine.java:859)
	at org.owasp.dependencycheck.App.runUpdateOnly(App.java:444)
	at org.owasp.dependencycheck.App.run(App.java:173)
	at org.owasp.dependencycheck.App.main(App.java:88)
Caused by: java.util.concurrent.ExecutionException: java.net.UnknownHostException: services.nvd.nist.gov
	at org.apache.hc.core5.concurrent.BasicFuture.getResult(BasicFuture.java:84)
	at org.apache.hc.core5.concurrent.BasicFuture.get(BasicFuture.java:99)
	at io.github.jeremylong.openvulnerability.client.nvd.RateLimitedClient.delayedExecute(RateLimitedClient.java:329)
	at io.github.jeremylong.openvulnerability.client.nvd.RateLimitedClient.lambda$execute$1(RateLimitedClient.java:280)
	at io.github.jeremylong.openvulnerability.client.nvd.RateLimitedClient$PrioritizedCallable.call(RateLimitedClient.java:406)
	at java.base/java.util.concurrent.FutureTask.run(FutureTask.java:264)
	at java.base/java.util.concurrent.ThreadPoolExecutor.runWorker(ThreadPoolExecutor.java:1136)
	at java.base/java.util.concurrent.ThreadPoolExecutor$Worker.run(ThreadPoolExecutor.java:635)
	at java.base/java.lang.Thread.run(Thread.java:840)
Caused by: java.net.UnknownHostException: services.nvd.nist.gov
	at java.base/java.net.InetAddress$CachedAddresses.get(InetAddress.java:801)
	at java.base/java.net.InetAddress.getAllByName0(InetAddress.java:1533)
	at java.base/java.net.InetAddress.getAllByName(InetAddress.java:1385)
	at java.base/java.net.InetAddress.getAllByName(InetAddress.java:1306)
	at org.apache.hc.client5.http.SystemDefaultDnsResolver.resolve(SystemDefaultDnsResolver.java:61)
	at org.apache.hc.client5.http.DnsResolver.resolve(DnsResolver.java:77)
	at org.apache.hc.client5.http.impl.nio.MultihomeIOSessionRequester.connect(MultihomeIOSessionRequester.java:113)
	at org.apache.hc.client5.http.impl.nio.DefaultAsyncClientConnectionOperator.connect(DefaultAsyncClientConnectionOperator.java:147)
	at org.apache.hc.client5.http.impl.nio.PoolingAsyncClientConnectionManager.connect(PoolingAsyncClientConnectionManager.java:499)
	at org.apache.hc.client5.http.impl.async.InternalHttpAsyncExecRuntime.connectEndpoint(InternalHttpAsyncExecRuntime.java:230)
	at org.apache.hc.client5.http.impl.async.AsyncConnectExec.doProceedToNextHop(AsyncConnectExec.java:222)
	at org.apache.hc.client5.http.impl.async.AsyncConnectExec.proceedToNextHop(AsyncConnectExec.java:197)
	at org.apache.hc.client5.http.impl.async.AsyncConnectExec.access$000(AsyncConnectExec.java:92)
	at org.apache.hc.client5.http.impl.async.AsyncConnectExec$1.completed(AsyncConnectExec.java:164)
	at org.apache.hc.client5.http.impl.async.AsyncConnectExec$1.completed(AsyncConnectExec.java:153)
	at org.apache.hc.client5.http.impl.async.InternalHttpAsyncExecRuntime$1.completed(InternalHttpAsyncExecRuntime.java:132)
	at org.apache.hc.client5.http.impl.async.InternalHttpAsyncExecRuntime$1.completed(InternalHttpAsyncExecRuntime.java:124)
	at org.apache.hc.core5.concurrent.BasicFuture.completed(BasicFuture.java:148)
	at org.apache.hc.client5.http.impl.nio.PoolingAsyncClientConnectionManager$3$1.leaseCompleted(PoolingAsyncClientConnectionManager.java:372)
	at org.apache.hc.client5.http.impl.nio.PoolingAsyncClientConnectionManager$3$1.completed(PoolingAsyncClientConnectionManager.java:354)
	at org.apache.hc.client5.http.impl.nio.PoolingAsyncClientConnectionManager$3$1.completed(PoolingAsyncClientConnectionManager.java:300)
	at org.apache.hc.core5.concurrent.BasicFuture.completed(BasicFuture.java:148)
	at org.apache.hc.core5.pool.StrictConnPool.fireCallbacks(StrictConnPool.java:396)
	at org.apache.hc.core5.pool.StrictConnPool.lease(StrictConnPool.java:214)
	at org.apache.hc.client5.http.impl.nio.PoolingAsyncClientConnectionManager$3.<init>(PoolingAsyncClientConnectionManager.java:297)
	at org.apache.hc.client5.http.impl.nio.PoolingAsyncClientConnectionManager.lease(PoolingAsyncClientConnectionManager.java:292)
	at org.apache.hc.client5.http.impl.async.InternalHttpAsyncExecRuntime.acquireEndpoint(InternalHttpAsyncExecRuntime.java:119)
	at org.apache.hc.client5.http.impl.async.AsyncConnectExec.execute(AsyncConnectExec.java:152)
	at org.apache.hc.client5.http.impl.async.AsyncExecChainElement.execute(AsyncExecChainElement.java:54)
	at org.apache.hc.client5.http.impl.async.AsyncProtocolExec.internalExecute(AsyncProtocolExec.java:206)
	at org.apache.hc.client5.http.impl.async.AsyncProtocolExec.execute(AsyncProtocolExec.java:171)
	at org.apache.hc.client5.http.impl.async.AsyncExecChainElement.execute(AsyncExecChainElement.java:54)
	at org.apache.hc.client5.http.impl.async.AsyncHttpRequestRetryExec.internalExecute(AsyncHttpRequestRetryExec.java:114)
	at org.apache.hc.client5.http.impl.async.AsyncHttpRequestRetryExec.execute(AsyncHttpRequestRetryExec.java:219)
	at org.apache.hc.client5.http.impl.async.AsyncHttpRequestRetryExec$1.lambda$failed$1(AsyncHttpRequestRetryExec.java:197)
	at org.apache.hc.client5.http.impl.async.InternalAbstractHttpAsyncClient$ScheduledRequestExecution.run(InternalAbstractHttpAsyncClient.java:434)
	at java.base/java.util.concurrent.Executors$RunnableAdapter.call(Executors.java:539)
	at java.base/java.util.concurrent.FutureTask.run(FutureTask.java:264)
	at java.base/java.util.concurrent.ScheduledThreadPoolExecutor$ScheduledFutureTask.run(ScheduledThreadPoolExecutor.java:304)
	... 3 common frames omitted
2026-07-26 07:18:06,396 io.github.jeremylong.openvulnerability.client.nvd.NvdApiRetryStrategy:97
WARN  - Retrying request /rest/json/cves/2.0?resultsPerPage=2000&startIndex=230000 : 12th time
2026-07-26 07:18:06,396 io.github.jeremylong.openvulnerability.client.nvd.NvdCveClient:454
DEBUG - Error retrieving the NVD data
java.util.concurrent.ExecutionException: java.util.concurrent.ExecutionException: java.net.UnknownHostException: services.nvd.nist.gov
	at java.base/java.util.concurrent.FutureTask.report(FutureTask.java:122)
	at java.base/java.util.concurrent.FutureTask.get(FutureTask.java:191)
	at io.github.jeremylong.openvulnerability.client.nvd.NvdCveClient.getCompletedFuture(NvdCveClient.java:519)
	at io.github.jeremylong.openvulnerability.client.nvd.NvdCveClient._next(NvdCveClient.java:370)
	at io.github.jeremylong.openvulnerability.client.nvd.NvdCveClient._next(NvdCveClient.java:456)
	at io.github.jeremylong.openvulnerability.client.nvd.NvdCveClient._next(NvdCveClient.java:456)
	at io.github.jeremylong.openvulnerability.client.nvd.NvdCveClient.next(NvdCveClient.java:356)
	at org.owasp.dependencycheck.data.update.NvdApiDataSource.processApi(NvdApiDataSource.java:343)
	at org.owasp.dependencycheck.data.update.NvdApiDataSource.update(NvdApiDataSource.java:128)
	at org.owasp.dependencycheck.Engine.doUpdates(Engine.java:887)
	at org.owasp.dependencycheck.Engine.doUpdates(Engine.java:859)
	at org.owasp.dependencycheck.App.runUpdateOnly(App.java:444)
	at org.owasp.dependencycheck.App.run(App.java:173)
	at org.owasp.dependencycheck.App.main(App.java:88)
Caused by: java.util.concurrent.ExecutionException: java.net.UnknownHostException: services.nvd.nist.gov
	at org.apache.hc.core5.concurrent.BasicFuture.getResult(BasicFuture.java:84)
	at org.apache.hc.core5.concurrent.BasicFuture.get(BasicFuture.java:99)
	at io.github.jeremylong.openvulnerability.client.nvd.RateLimitedClient.delayedExecute(RateLimitedClient.java:329)
	at io.github.jeremylong.openvulnerability.client.nvd.RateLimitedClient.lambda$execute$1(RateLimitedClient.java:280)
	at io.github.jeremylong.openvulnerability.client.nvd.RateLimitedClient$PrioritizedCallable.call(RateLimitedClient.java:406)
	at java.base/java.util.concurrent.FutureTask.run(FutureTask.java:264)
	at java.base/java.util.concurrent.ThreadPoolExecutor.runWorker(ThreadPoolExecutor.java:1136)
	at java.base/java.util.concurrent.ThreadPoolExecutor$Worker.run(ThreadPoolExecutor.java:635)
	at java.base/java.lang.Thread.run(Thread.java:840)
Caused by: java.net.UnknownHostException: services.nvd.nist.gov
	at java.base/java.net.InetAddress$CachedAddresses.get(InetAddress.java:801)
	at java.base/java.net.InetAddress.getAllByName0(InetAddress.java:1533)
	at java.base/java.net.InetAddress.getAllByName(InetAddress.java:1385)
	at java.base/java.net.InetAddress.getAllByName(InetAddress.java:1306)
	at org.apache.hc.client5.http.SystemDefaultDnsResolver.resolve(SystemDefaultDnsResolver.java:61)
	at org.apache.hc.client5.http.DnsResolver.resolve(DnsResolver.java:77)
	at org.apache.hc.client5.http.impl.nio.MultihomeIOSessionRequester.connect(MultihomeIOSessionRequester.java:113)
	at org.apache.hc.client5.http.impl.nio.DefaultAsyncClientConnectionOperator.connect(DefaultAsyncClientConnectionOperator.java:147)
	at org.apache.hc.client5.http.impl.nio.PoolingAsyncClientConnectionManager.connect(PoolingAsyncClientConnectionManager.java:499)
	at org.apache.hc.client5.http.impl.async.InternalHttpAsyncExecRuntime.connectEndpoint(InternalHttpAsyncExecRuntime.java:230)
	at org.apache.hc.client5.http.impl.async.AsyncConnectExec.doProceedToNextHop(AsyncConnectExec.java:222)
	at org.apache.hc.client5.http.impl.async.AsyncConnectExec.proceedToNextHop(AsyncConnectExec.java:197)
	at org.apache.hc.client5.http.impl.async.AsyncConnectExec.access$000(AsyncConnectExec.java:92)
	at org.apache.hc.client5.http.impl.async.AsyncConnectExec$1.completed(AsyncConnectExec.java:164)
	at org.apache.hc.client5.http.impl.async.AsyncConnectExec$1.completed(AsyncConnectExec.java:153)
	at org.apache.hc.client5.http.impl.async.InternalHttpAsyncExecRuntime$1.completed(InternalHttpAsyncExecRuntime.java:132)
	at org.apache.hc.client5.http.impl.async.InternalHttpAsyncExecRuntime$1.completed(InternalHttpAsyncExecRuntime.java:124)
	at org.apache.hc.core5.concurrent.BasicFuture.completed(BasicFuture.java:148)
	at org.apache.hc.client5.http.impl.nio.PoolingAsyncClientConnectionManager$3$1.leaseCompleted(PoolingAsyncClientConnectionManager.java:372)
	at org.apache.hc.client5.http.impl.nio.PoolingAsyncClientConnectionManager$3$1.completed(PoolingAsyncClientConnectionManager.java:354)
	at org.apache.hc.client5.http.impl.nio.PoolingAsyncClientConnectionManager$3$1.completed(PoolingAsyncClientConnectionManager.java:300)
	at org.apache.hc.core5.concurrent.BasicFuture.completed(BasicFuture.java:148)
	at org.apache.hc.core5.pool.StrictConnPool.fireCallbacks(StrictConnPool.java:396)
	at org.apache.hc.core5.pool.StrictConnPool.lease(StrictConnPool.java:214)
	at org.apache.hc.client5.http.impl.nio.PoolingAsyncClientConnectionManager$3.<init>(PoolingAsyncClientConnectionManager.java:297)
	at org.apache.hc.client5.http.impl.nio.PoolingAsyncClientConnectionManager.lease(PoolingAsyncClientConnectionManager.java:292)
	at org.apache.hc.client5.http.impl.async.InternalHttpAsyncExecRuntime.acquireEndpoint(InternalHttpAsyncExecRuntime.java:119)
	at org.apache.hc.client5.http.impl.async.AsyncConnectExec.execute(AsyncConnectExec.java:152)
	at org.apache.hc.client5.http.impl.async.AsyncExecChainElement.execute(AsyncExecChainElement.java:54)
	at org.apache.hc.client5.http.impl.async.AsyncProtocolExec.internalExecute(AsyncProtocolExec.java:206)
	at org.apache.hc.client5.http.impl.async.AsyncProtocolExec.execute(AsyncProtocolExec.java:171)
	at org.apache.hc.client5.http.impl.async.AsyncExecChainElement.execute(AsyncExecChainElement.java:54)
	at org.apache.hc.client5.http.impl.async.AsyncHttpRequestRetryExec.internalExecute(AsyncHttpRequestRetryExec.java:114)
	at org.apache.hc.client5.http.impl.async.AsyncHttpRequestRetryExec.execute(AsyncHttpRequestRetryExec.java:219)
	at org.apache.hc.client5.http.impl.async.AsyncHttpRequestRetryExec$1.lambda$failed$1(AsyncHttpRequestRetryExec.java:197)
	at org.apache.hc.client5.http.impl.async.InternalAbstractHttpAsyncClient$ScheduledRequestExecution.run(InternalAbstractHttpAsyncClient.java:434)
	at java.base/java.util.concurrent.Executors$RunnableAdapter.call(Executors.java:539)
	at java.base/java.util.concurrent.FutureTask.run(FutureTask.java:264)
	at java.base/java.util.concurrent.ScheduledThreadPoolExecutor$ScheduledFutureTask.run(ScheduledThreadPoolExecutor.java:304)
	... 3 common frames omitted
2026-07-26 07:18:06,396 io.github.jeremylong.openvulnerability.client.nvd.NvdApiRetryStrategy:99
DEBUG - Retrying request with exception java.net.UnknownHostException. Message: services.nvd.nist.gov
2026-07-26 07:18:06,397 io.github.jeremylong.openvulnerability.client.nvd.NvdApiRetryStrategy:97
WARN  - Retrying request /rest/json/cves/2.0?resultsPerPage=2000&startIndex=230000 : 13th time
2026-07-26 07:18:06,397 io.github.jeremylong.openvulnerability.client.nvd.NvdApiRetryStrategy:99
DEBUG - Retrying request with exception java.net.UnknownHostException. Message: services.nvd.nist.gov
2026-07-26 07:18:06,399 io.github.jeremylong.openvulnerability.client.nvd.NvdApiRetryStrategy:97
WARN  - Retrying request /rest/json/cves/2.0?resultsPerPage=2000&startIndex=230000 : 14th time
2026-07-26 07:18:06,399 io.github.jeremylong.openvulnerability.client.nvd.NvdApiRetryStrategy:99
DEBUG - Retrying request with exception java.net.UnknownHostException. Message: services.nvd.nist.gov
2026-07-26 07:18:06,401 io.github.jeremylong.openvulnerability.client.nvd.NvdApiRetryStrategy:91
WARN  - NVD API request failures are occurring; retrying request for the 15th time
2026-07-26 07:18:06,401 io.github.jeremylong.openvulnerability.client.nvd.NvdApiRetryStrategy:93
DEBUG - NVD API request failures with exception : java.net.UnknownHostException. Message: services.nvd.nist.gov
2026-07-26 07:18:06,401 io.github.jeremylong.openvulnerability.client.nvd.NvdApiRetryStrategy:91
WARN  - NVD API request failures are occurring; retrying request for the 16th time
2026-07-26 07:18:06,402 io.github.jeremylong.openvulnerability.client.nvd.NvdApiRetryStrategy:93
DEBUG - NVD API request failures with exception : java.net.UnknownHostException. Message: services.nvd.nist.gov
2026-07-26 07:18:06,402 io.github.jeremylong.openvulnerability.client.nvd.NvdApiRetryStrategy:91
WARN  - NVD API request failures are occurring; retrying request for the 17th time
2026-07-26 07:18:06,403 io.github.jeremylong.openvulnerability.client.nvd.NvdApiRetryStrategy:93
DEBUG - NVD API request failures with exception : java.net.UnknownHostException. Message: services.nvd.nist.gov
2026-07-26 07:18:06,404 io.github.jeremylong.openvulnerability.client.nvd.NvdApiRetryStrategy:91
WARN  - NVD API request failures are occurring; retrying request for the 18th time
2026-07-26 07:18:06,405 io.github.jeremylong.openvulnerability.client.nvd.NvdApiRetryStrategy:93
DEBUG - NVD API request failures with exception : java.net.UnknownHostException. Message: services.nvd.nist.gov
2026-07-26 07:18:06,405 io.github.jeremylong.openvulnerability.client.nvd.NvdApiRetryStrategy:91
WARN  - NVD API request failures are occurring; retrying request for the 19th time
2026-07-26 07:18:06,406 io.github.jeremylong.openvulnerability.client.nvd.NvdApiRetryStrategy:93
DEBUG - NVD API request failures with exception : java.net.UnknownHostException. Message: services.nvd.nist.gov
2026-07-26 07:18:06,407 io.github.jeremylong.openvulnerability.client.nvd.NvdApiRetryStrategy:91
WARN  - NVD API request failures are occurring; retrying request for the 20th time
2026-07-26 07:18:06,409 io.github.jeremylong.openvulnerability.client.nvd.NvdApiRetryStrategy:93
DEBUG - NVD API request failures with exception : java.net.UnknownHostException. Message: services.nvd.nist.gov
2026-07-26 07:18:06,410 io.github.jeremylong.openvulnerability.client.nvd.NvdApiRetryStrategy:91
WARN  - NVD API request failures are occurring; retrying request for the 21st time
2026-07-26 07:18:06,411 io.github.jeremylong.openvulnerability.client.nvd.NvdApiRetryStrategy:93
DEBUG - NVD API request failures with exception : java.net.UnknownHostException. Message: services.nvd.nist.gov
2026-07-26 07:18:06,411 io.github.jeremylong.openvulnerability.client.nvd.NvdApiRetryStrategy:91
WARN  - NVD API request failures are occurring; retrying request for the 22nd time
2026-07-26 07:18:06,412 io.github.jeremylong.openvulnerability.client.nvd.NvdApiRetryStrategy:93
DEBUG - NVD API request failures with exception : java.net.UnknownHostException. Message: services.nvd.nist.gov
2026-07-26 07:18:06,412 io.github.jeremylong.openvulnerability.client.nvd.NvdApiRetryStrategy:91
WARN  - NVD API request failures are occurring; retrying request for the 23rd time
2026-07-26 07:18:06,413 io.github.jeremylong.openvulnerability.client.nvd.NvdApiRetryStrategy:93
DEBUG - NVD API request failures with exception : java.net.UnknownHostException. Message: services.nvd.nist.gov
2026-07-26 07:18:06,414 io.github.jeremylong.openvulnerability.client.nvd.NvdApiRetryStrategy:91
WARN  - NVD API request failures are occurring; retrying request for the 24th time
2026-07-26 07:18:06,414 io.github.jeremylong.openvulnerability.client.nvd.NvdApiRetryStrategy:93
DEBUG - NVD API request failures with exception : java.net.UnknownHostException. Message: services.nvd.nist.gov
2026-07-26 07:18:06,414 io.github.jeremylong.openvulnerability.client.nvd.NvdApiRetryStrategy:91
WARN  - NVD API request failures are occurring; retrying request for the 25th time
2026-07-26 07:18:06,416 io.github.jeremylong.openvulnerability.client.nvd.NvdApiRetryStrategy:93
DEBUG - NVD API request failures with exception : java.net.UnknownHostException. Message: services.nvd.nist.gov
2026-07-26 07:18:06,417 io.github.jeremylong.openvulnerability.client.nvd.NvdApiRetryStrategy:91
WARN  - NVD API request failures are occurring; retrying request for the 26th time
2026-07-26 07:18:06,417 io.github.jeremylong.openvulnerability.client.nvd.NvdApiRetryStrategy:93
DEBUG - NVD API request failures with exception : java.net.UnknownHostException. Message: services.nvd.nist.gov
2026-07-26 07:18:06,418 io.github.jeremylong.openvulnerability.client.nvd.NvdApiRetryStrategy:91
WARN  - NVD API request failures are occurring; retrying request for the 27th time
2026-07-26 07:18:06,418 io.github.jeremylong.openvulnerability.client.nvd.NvdApiRetryStrategy:93
DEBUG - NVD API request failures with exception : java.net.UnknownHostException. Message: services.nvd.nist.gov
2026-07-26 07:18:06,420 io.github.jeremylong.openvulnerability.client.nvd.NvdApiRetryStrategy:91
WARN  - NVD API request failures are occurring; retrying request for the 28th time
2026-07-26 07:18:06,420 io.github.jeremylong.openvulnerability.client.nvd.NvdApiRetryStrategy:93
DEBUG - NVD API request failures with exception : java.net.UnknownHostException. Message: services.nvd.nist.gov
2026-07-26 07:18:06,421 io.github.jeremylong.openvulnerability.client.nvd.NvdApiRetryStrategy:91
WARN  - NVD API request failures are occurring; retrying request for the 29th time
2026-07-26 07:18:06,422 io.github.jeremylong.openvulnerability.client.nvd.NvdApiRetryStrategy:93
DEBUG - NVD API request failures with exception : java.net.UnknownHostException. Message: services.nvd.nist.gov
2026-07-26 07:18:06,423 io.github.jeremylong.openvulnerability.client.nvd.NvdApiRetryStrategy:91
WARN  - NVD API request failures are occurring; retrying request for the 30th time
2026-07-26 07:18:06,423 io.github.jeremylong.openvulnerability.client.nvd.NvdApiRetryStrategy:93
DEBUG - NVD API request failures with exception : java.net.UnknownHostException. Message: services.nvd.nist.gov
2026-07-26 07:18:06,424 io.github.jeremylong.openvulnerability.client.nvd.NvdApiRetryStrategy:91
WARN  - NVD API request failures are occurring; retrying request for the 31st time
2026-07-26 07:18:06,425 io.github.jeremylong.openvulnerability.client.nvd.NvdApiRetryStrategy:93
DEBUG - NVD API request failures with exception : java.net.UnknownHostException. Message: services.nvd.nist.gov
2026-07-26 07:18:06,425 io.github.jeremylong.openvulnerability.client.nvd.RateLimitedClient$SimpleFutureResponse:355
DEBUG - request failed
java.net.UnknownHostException: services.nvd.nist.gov
	at java.base/java.net.InetAddress$CachedAddresses.get(InetAddress.java:801)
	at java.base/java.net.InetAddress.getAllByName0(InetAddress.java:1533)
	at java.base/java.net.InetAddress.getAllByName(InetAddress.java:1385)
	at java.base/java.net.InetAddress.getAllByName(InetAddress.java:1306)
	at org.apache.hc.client5.http.SystemDefaultDnsResolver.resolve(SystemDefaultDnsResolver.java:61)
	at org.apache.hc.client5.http.DnsResolver.resolve(DnsResolver.java:77)
	at org.apache.hc.client5.http.impl.nio.MultihomeIOSessionRequester.connect(MultihomeIOSessionRequester.java:113)
	at org.apache.hc.client5.http.impl.nio.DefaultAsyncClientConnectionOperator.connect(DefaultAsyncClientConnectionOperator.java:147)
	at org.apache.hc.client5.http.impl.nio.PoolingAsyncClientConnectionManager.connect(PoolingAsyncClientConnectionManager.java:499)
	at org.apache.hc.client5.http.impl.async.InternalHttpAsyncExecRuntime.connectEndpoint(InternalHttpAsyncExecRuntime.java:230)
	at org.apache.hc.client5.http.impl.async.AsyncConnectExec.doProceedToNextHop(AsyncConnectExec.java:222)
	at org.apache.hc.client5.http.impl.async.AsyncConnectExec.proceedToNextHop(AsyncConnectExec.java:197)
	at org.apache.hc.client5.http.impl.async.AsyncConnectExec.access$000(AsyncConnectExec.java:92)
	at org.apache.hc.client5.http.impl.async.AsyncConnectExec$1.completed(AsyncConnectExec.java:164)
	at org.apache.hc.client5.http.impl.async.AsyncConnectExec$1.completed(AsyncConnectExec.java:153)
	at org.apache.hc.client5.http.impl.async.InternalHttpAsyncExecRuntime$1.completed(InternalHttpAsyncExecRuntime.java:132)
	at org.apache.hc.client5.http.impl.async.InternalHttpAsyncExecRuntime$1.completed(InternalHttpAsyncExecRuntime.java:124)
	at org.apache.hc.core5.concurrent.BasicFuture.completed(BasicFuture.java:148)
	at org.apache.hc.client5.http.impl.nio.PoolingAsyncClientConnectionManager$3$1.leaseCompleted(PoolingAsyncClientConnectionManager.java:372)
	at org.apache.hc.client5.http.impl.nio.PoolingAsyncClientConnectionManager$3$1.completed(PoolingAsyncClientConnectionManager.java:354)
	at org.apache.hc.client5.http.impl.nio.PoolingAsyncClientConnectionManager$3$1.completed(PoolingAsyncClientConnectionManager.java:300)
	at org.apache.hc.core5.concurrent.BasicFuture.completed(BasicFuture.java:148)
	at org.apache.hc.core5.pool.StrictConnPool.fireCallbacks(StrictConnPool.java:396)
	at org.apache.hc.core5.pool.StrictConnPool.lease(StrictConnPool.java:214)
	at org.apache.hc.client5.http.impl.nio.PoolingAsyncClientConnectionManager$3.<init>(PoolingAsyncClientConnectionManager.java:297)
	at org.apache.hc.client5.http.impl.nio.PoolingAsyncClientConnectionManager.lease(PoolingAsyncClientConnectionManager.java:292)
	at org.apache.hc.client5.http.impl.async.InternalHttpAsyncExecRuntime.acquireEndpoint(InternalHttpAsyncExecRuntime.java:119)
	at org.apache.hc.client5.http.impl.async.AsyncConnectExec.execute(AsyncConnectExec.java:152)
	at org.apache.hc.client5.http.impl.async.AsyncExecChainElement.execute(AsyncExecChainElement.java:54)
	at org.apache.hc.client5.http.impl.async.AsyncProtocolExec.internalExecute(AsyncProtocolExec.java:206)
	at org.apache.hc.client5.http.impl.async.AsyncProtocolExec.execute(AsyncProtocolExec.java:171)
	at org.apache.hc.client5.http.impl.async.AsyncExecChainElement.execute(AsyncExecChainElement.java:54)
	at org.apache.hc.client5.http.impl.async.AsyncHttpRequestRetryExec.internalExecute(AsyncHttpRequestRetryExec.java:114)
	at org.apache.hc.client5.http.impl.async.AsyncHttpRequestRetryExec.execute(AsyncHttpRequestRetryExec.java:219)
	at org.apache.hc.client5.http.impl.async.AsyncHttpRequestRetryExec$1.lambda$failed$1(AsyncHttpRequestRetryExec.java:197)
	at org.apache.hc.client5.http.impl.async.InternalAbstractHttpAsyncClient$ScheduledRequestExecution.run(InternalAbstractHttpAsyncClient.java:434)
	at java.base/java.util.concurrent.Executors$RunnableAdapter.call(Executors.java:539)
	at java.base/java.util.concurrent.FutureTask.run(FutureTask.java:264)
	at java.base/java.util.concurrent.ScheduledThreadPoolExecutor$ScheduledFutureTask.run(ScheduledThreadPoolExecutor.java:304)
	at java.base/java.util.concurrent.ThreadPoolExecutor.runWorker(ThreadPoolExecutor.java:1136)
	at java.base/java.util.concurrent.ThreadPoolExecutor$Worker.run(ThreadPoolExecutor.java:635)
	at java.base/java.lang.Thread.run(Thread.java:840)
2026-07-26 07:18:06,425 io.github.jeremylong.openvulnerability.client.nvd.RateMeter:125
DEBUG - Rate limit usage: 4/5 in the last 32500ms
2026-07-26 07:18:06,425 io.github.jeremylong.openvulnerability.client.nvd.RateLimitedClient:324
DEBUG - Requested At: 07:18:06; URI: /rest/json/cves/2.0?resultsPerPage=2000&startIndex=232000
2026-07-26 07:18:06,427 io.github.jeremylong.openvulnerability.client.nvd.NvdApiRetryStrategy:97
WARN  - Retrying request /rest/json/cves/2.0?resultsPerPage=2000&startIndex=232000 : 2nd time
2026-07-26 07:18:06,428 io.github.jeremylong.openvulnerability.client.nvd.NvdApiRetryStrategy:99
DEBUG - Retrying request with exception java.net.UnknownHostException. Message: services.nvd.nist.gov
2026-07-26 07:18:06,430 io.github.jeremylong.openvulnerability.client.nvd.NvdApiRetryStrategy:97
WARN  - Retrying request /rest/json/cves/2.0?resultsPerPage=2000&startIndex=232000 : 3rd time
2026-07-26 07:18:06,431 io.github.jeremylong.openvulnerability.client.nvd.NvdApiRetryStrategy:99
DEBUG - Retrying request with exception java.net.UnknownHostException. Message: services.nvd.nist.gov
2026-07-26 07:18:06,432 io.github.jeremylong.openvulnerability.client.nvd.NvdApiRetryStrategy:97
WARN  - Retrying request /rest/json/cves/2.0?resultsPerPage=2000&startIndex=232000 : 4th time
2026-07-26 07:18:06,433 io.github.jeremylong.openvulnerability.client.nvd.NvdApiRetryStrategy:99
DEBUG - Retrying request with exception java.net.UnknownHostException. Message: services.nvd.nist.gov
2026-07-26 07:18:06,434 io.github.jeremylong.openvulnerability.client.nvd.NvdApiRetryStrategy:97
WARN  - Retrying request /rest/json/cves/2.0?resultsPerPage=2000&startIndex=232000 : 5th time
2026-07-26 07:18:06,435 io.github.jeremylong.openvulnerability.client.nvd.NvdApiRetryStrategy:99
DEBUG - Retrying request with exception java.net.UnknownHostException. Message: services.nvd.nist.gov
2026-07-26 07:18:06,436 io.github.jeremylong.openvulnerability.client.nvd.NvdApiRetryStrategy:97
WARN  - Retrying request /rest/json/cves/2.0?resultsPerPage=2000&startIndex=232000 : 6th time
2026-07-26 07:18:06,437 io.github.jeremylong.openvulnerability.client.nvd.NvdApiRetryStrategy:99
DEBUG - Retrying request with exception java.net.UnknownHostException. Message: services.nvd.nist.gov
2026-07-26 07:18:06,438 io.github.jeremylong.openvulnerability.client.nvd.NvdApiRetryStrategy:97
WARN  - Retrying request /rest/json/cves/2.0?resultsPerPage=2000&startIndex=232000 : 7th time
2026-07-26 07:18:06,439 io.github.jeremylong.openvulnerability.client.nvd.NvdApiRetryStrategy:99
DEBUG - Retrying request with exception java.net.UnknownHostException. Message: services.nvd.nist.gov
2026-07-26 07:18:06,441 io.github.jeremylong.openvulnerability.client.nvd.NvdApiRetryStrategy:97
WARN  - Retrying request /rest/json/cves/2.0?resultsPerPage=2000&startIndex=232000 : 8th time
2026-07-26 07:18:06,442 io.github.jeremylong.openvulnerability.client.nvd.NvdApiRetryStrategy:99
DEBUG - Retrying request with exception java.net.UnknownHostException. Message: services.nvd.nist.gov
2026-07-26 07:18:06,443 io.github.jeremylong.openvulnerability.client.nvd.NvdApiRetryStrategy:97
WARN  - Retrying request /rest/json/cves/2.0?resultsPerPage=2000&startIndex=232000 : 9th time
2026-07-26 07:18:06,444 io.github.jeremylong.openvulnerability.client.nvd.NvdApiRetryStrategy:99
DEBUG - Retrying request with exception java.net.UnknownHostException. Message: services.nvd.nist.gov
2026-07-26 07:18:06,445 io.github.jeremylong.openvulnerability.client.nvd.NvdApiRetryStrategy:97
WARN  - Retrying request /rest/json/cves/2.0?resultsPerPage=2000&startIndex=232000 : 10th time
2026-07-26 07:18:06,446 io.github.jeremylong.openvulnerability.client.nvd.NvdApiRetryStrategy:99
DEBUG - Retrying request with exception java.net.UnknownHostException. Message: services.nvd.nist.gov
2026-07-26 07:18:06,447 io.github.jeremylong.openvulnerability.client.nvd.NvdApiRetryStrategy:97
WARN  - Retrying request /rest/json/cves/2.0?resultsPerPage=2000&startIndex=232000 : 11th time
2026-07-26 07:18:06,447 io.github.jeremylong.openvulnerability.client.nvd.NvdApiRetryStrategy:99
DEBUG - Retrying request with exception java.net.UnknownHostException. Message: services.nvd.nist.gov
2026-07-26 07:18:06,448 io.github.jeremylong.openvulnerability.client.nvd.NvdApiRetryStrategy:97
WARN  - Retrying request /rest/json/cves/2.0?resultsPerPage=2000&startIndex=232000 : 12th time
2026-07-26 07:18:06,449 io.github.jeremylong.openvulnerability.client.nvd.NvdApiRetryStrategy:99
DEBUG - Retrying request with exception java.net.UnknownHostException. Message: services.nvd.nist.gov
2026-07-26 07:18:06,450 io.github.jeremylong.openvulnerability.client.nvd.NvdApiRetryStrategy:97
WARN  - Retrying request /rest/json/cves/2.0?resultsPerPage=2000&startIndex=232000 : 13th time
2026-07-26 07:18:06,451 io.github.jeremylong.openvulnerability.client.nvd.NvdApiRetryStrategy:99
DEBUG - Retrying request with exception java.net.UnknownHostException. Message: services.nvd.nist.gov
2026-07-26 07:18:06,452 io.github.jeremylong.openvulnerability.client.nvd.NvdApiRetryStrategy:97
WARN  - Retrying request /rest/json/cves/2.0?resultsPerPage=2000&startIndex=232000 : 14th time
2026-07-26 07:18:06,452 io.github.jeremylong.openvulnerability.client.nvd.NvdApiRetryStrategy:99
DEBUG - Retrying request with exception java.net.UnknownHostException. Message: services.nvd.nist.gov
2026-07-26 07:18:06,453 io.github.jeremylong.openvulnerability.client.nvd.NvdApiRetryStrategy:91
WARN  - NVD API request failures are occurring; retrying request for the 15th time
2026-07-26 07:18:06,454 io.github.jeremylong.openvulnerability.client.nvd.NvdApiRetryStrategy:93
DEBUG - NVD API request failures with exception : java.net.UnknownHostException. Message: services.nvd.nist.gov
2026-07-26 07:18:06,455 io.github.jeremylong.openvulnerability.client.nvd.NvdApiRetryStrategy:91
WARN  - NVD API request failures are occurring; retrying request for the 16th time
2026-07-26 07:18:06,455 io.github.jeremylong.openvulnerability.client.nvd.NvdApiRetryStrategy:93
DEBUG - NVD API request failures with exception : java.net.UnknownHostException. Message: services.nvd.nist.gov
2026-07-26 07:18:06,457 io.github.jeremylong.openvulnerability.client.nvd.NvdApiRetryStrategy:91
WARN  - NVD API request failures are occurring; retrying request for the 17th time
2026-07-26 07:18:06,457 io.github.jeremylong.openvulnerability.client.nvd.NvdApiRetryStrategy:93
DEBUG - NVD API request failures with exception : java.net.UnknownHostException. Message: services.nvd.nist.gov
2026-07-26 07:18:06,458 io.github.jeremylong.openvulnerability.client.nvd.NvdApiRetryStrategy:91
WARN  - NVD API request failures are occurring; retrying request for the 18th time
2026-07-26 07:18:06,459 io.github.jeremylong.openvulnerability.client.nvd.NvdApiRetryStrategy:93
DEBUG - NVD API request failures with exception : java.net.UnknownHostException. Message: services.nvd.nist.gov
2026-07-26 07:18:06,461 io.github.jeremylong.openvulnerability.client.nvd.NvdApiRetryStrategy:91
WARN  - NVD API request failures are occurring; retrying request for the 19th time
2026-07-26 07:18:06,461 io.github.jeremylong.openvulnerability.client.nvd.NvdApiRetryStrategy:93
DEBUG - NVD API request failures with exception : java.net.UnknownHostException. Message: services.nvd.nist.gov
2026-07-26 07:18:06,463 io.github.jeremylong.openvulnerability.client.nvd.NvdApiRetryStrategy:91
WARN  - NVD API request failures are occurring; retrying request for the 20th time
2026-07-26 07:18:06,464 io.github.jeremylong.openvulnerability.client.nvd.NvdApiRetryStrategy:93
DEBUG - NVD API request failures with exception : java.net.UnknownHostException. Message: services.nvd.nist.gov
2026-07-26 07:18:06,465 io.github.jeremylong.openvulnerability.client.nvd.NvdApiRetryStrategy:91
WARN  - NVD API request failures are occurring; retrying request for the 21st time
2026-07-26 07:18:06,466 io.github.jeremylong.openvulnerability.client.nvd.NvdApiRetryStrategy:93
DEBUG - NVD API request failures with exception : java.net.UnknownHostException. Message: services.nvd.nist.gov
2026-07-26 07:18:06,467 io.github.jeremylong.openvulnerability.client.nvd.NvdApiRetryStrategy:91
WARN  - NVD API request failures are occurring; retrying request for the 22nd time
2026-07-26 07:18:06,469 io.github.jeremylong.openvulnerability.client.nvd.NvdApiRetryStrategy:93
DEBUG - NVD API request failures with exception : java.net.UnknownHostException. Message: services.nvd.nist.gov
2026-07-26 07:18:06,470 io.github.jeremylong.openvulnerability.client.nvd.NvdApiRetryStrategy:91
WARN  - NVD API request failures are occurring; retrying request for the 23rd time
2026-07-26 07:18:06,471 io.github.jeremylong.openvulnerability.client.nvd.NvdApiRetryStrategy:93
DEBUG - NVD API request failures with exception : java.net.UnknownHostException. Message: services.nvd.nist.gov
2026-07-26 07:18:06,472 io.github.jeremylong.openvulnerability.client.nvd.NvdApiRetryStrategy:91
WARN  - NVD API request failures are occurring; retrying request for the 24th time
2026-07-26 07:18:06,473 io.github.jeremylong.openvulnerability.client.nvd.NvdApiRetryStrategy:93
DEBUG - NVD API request failures with exception : java.net.UnknownHostException. Message: services.nvd.nist.gov
2026-07-26 07:18:06,477 io.github.jeremylong.openvulnerability.client.nvd.NvdApiRetryStrategy:91
WARN  - NVD API request failures are occurring; retrying request for the 25th time
2026-07-26 07:18:06,478 io.github.jeremylong.openvulnerability.client.nvd.NvdApiRetryStrategy:93
DEBUG - NVD API request failures with exception : java.net.UnknownHostException. Message: services.nvd.nist.gov
2026-07-26 07:18:06,479 io.github.jeremylong.openvulnerability.client.nvd.NvdApiRetryStrategy:91
WARN  - NVD API request failures are occurring; retrying request for the 26th time
2026-07-26 07:18:06,480 io.github.jeremylong.openvulnerability.client.nvd.NvdApiRetryStrategy:93
DEBUG - NVD API request failures with exception : java.net.UnknownHostException. Message: services.nvd.nist.gov
2026-07-26 07:18:06,480 io.github.jeremylong.openvulnerability.client.nvd.NvdApiRetryStrategy:91
WARN  - NVD API request failures are occurring; retrying request for the 27th time
2026-07-26 07:18:06,481 io.github.jeremylong.openvulnerability.client.nvd.NvdApiRetryStrategy:93
DEBUG - NVD API request failures with exception : java.net.UnknownHostException. Message: services.nvd.nist.gov
2026-07-26 07:18:06,483 io.github.jeremylong.openvulnerability.client.nvd.NvdApiRetryStrategy:91
WARN  - NVD API request failures are occurring; retrying request for the 28th time
2026-07-26 07:18:06,484 io.github.jeremylong.openvulnerability.client.nvd.NvdApiRetryStrategy:93
DEBUG - NVD API request failures with exception : java.net.UnknownHostException. Message: services.nvd.nist.gov
2026-07-26 07:18:06,485 io.github.jeremylong.openvulnerability.client.nvd.NvdApiRetryStrategy:91
WARN  - NVD API request failures are occurring; retrying request for the 29th time
2026-07-26 07:18:06,486 io.github.jeremylong.openvulnerability.client.nvd.NvdApiRetryStrategy:93
DEBUG - NVD API request failures with exception : java.net.UnknownHostException. Message: services.nvd.nist.gov
2026-07-26 07:18:06,487 io.github.jeremylong.openvulnerability.client.nvd.NvdApiRetryStrategy:91
WARN  - NVD API request failures are occurring; retrying request for the 30th time
2026-07-26 07:18:06,487 io.github.jeremylong.openvulnerability.client.nvd.NvdApiRetryStrategy:93
DEBUG - NVD API request failures with exception : java.net.UnknownHostException. Message: services.nvd.nist.gov
2026-07-26 07:18:06,488 io.github.jeremylong.openvulnerability.client.nvd.NvdApiRetryStrategy:91
WARN  - NVD API request failures are occurring; retrying request for the 31st time
2026-07-26 07:18:06,489 io.github.jeremylong.openvulnerability.client.nvd.NvdApiRetryStrategy:93
DEBUG - NVD API request failures with exception : java.net.UnknownHostException. Message: services.nvd.nist.gov
2026-07-26 07:18:06,490 io.github.jeremylong.openvulnerability.client.nvd.RateMeter:125
DEBUG - Rate limit usage: 5/5 in the last 32500ms
2026-07-26 07:18:06,490 io.github.jeremylong.openvulnerability.client.nvd.RateLimitedClient:324
DEBUG - Requested At: 07:18:06; URI: /rest/json/cves/2.0?resultsPerPage=2000&startIndex=234000
2026-07-26 07:18:06,489 io.github.jeremylong.openvulnerability.client.nvd.RateLimitedClient$SimpleFutureResponse:355
DEBUG - request failed
java.net.UnknownHostException: services.nvd.nist.gov
	at java.base/java.net.InetAddress$CachedAddresses.get(InetAddress.java:801)
	at java.base/java.net.InetAddress.getAllByName0(InetAddress.java:1533)
	at java.base/java.net.InetAddress.getAllByName(InetAddress.java:1385)
	at java.base/java.net.InetAddress.getAllByName(InetAddress.java:1306)
	at org.apache.hc.client5.http.SystemDefaultDnsResolver.resolve(SystemDefaultDnsResolver.java:61)
	at org.apache.hc.client5.http.DnsResolver.resolve(DnsResolver.java:77)
	at org.apache.hc.client5.http.impl.nio.MultihomeIOSessionRequester.connect(MultihomeIOSessionRequester.java:113)
	at org.apache.hc.client5.http.impl.nio.DefaultAsyncClientConnectionOperator.connect(DefaultAsyncClientConnectionOperator.java:147)
	at org.apache.hc.client5.http.impl.nio.PoolingAsyncClientConnectionManager.connect(PoolingAsyncClientConnectionManager.java:499)
	at org.apache.hc.client5.http.impl.async.InternalHttpAsyncExecRuntime.connectEndpoint(InternalHttpAsyncExecRuntime.java:230)
	at org.apache.hc.client5.http.impl.async.AsyncConnectExec.doProceedToNextHop(AsyncConnectExec.java:222)
	at org.apache.hc.client5.http.impl.async.AsyncConnectExec.proceedToNextHop(AsyncConnectExec.java:197)
	at org.apache.hc.client5.http.impl.async.AsyncConnectExec.access$000(AsyncConnectExec.java:92)
	at org.apache.hc.client5.http.impl.async.AsyncConnectExec$1.completed(AsyncConnectExec.java:164)
	at org.apache.hc.client5.http.impl.async.AsyncConnectExec$1.completed(AsyncConnectExec.java:153)
	at org.apache.hc.client5.http.impl.async.InternalHttpAsyncExecRuntime$1.completed(InternalHttpAsyncExecRuntime.java:132)
	at org.apache.hc.client5.http.impl.async.InternalHttpAsyncExecRuntime$1.completed(InternalHttpAsyncExecRuntime.java:124)
	at org.apache.hc.core5.concurrent.BasicFuture.completed(BasicFuture.java:148)
	at org.apache.hc.client5.http.impl.nio.PoolingAsyncClientConnectionManager$3$1.leaseCompleted(PoolingAsyncClientConnectionManager.java:372)
	at org.apache.hc.client5.http.impl.nio.PoolingAsyncClientConnectionManager$3$1.completed(PoolingAsyncClientConnectionManager.java:354)
	at org.apache.hc.client5.http.impl.nio.PoolingAsyncClientConnectionManager$3$1.completed(PoolingAsyncClientConnectionManager.java:300)
	at org.apache.hc.core5.concurrent.BasicFuture.completed(BasicFuture.java:148)
	at org.apache.hc.core5.pool.StrictConnPool.fireCallbacks(StrictConnPool.java:396)
	at org.apache.hc.core5.pool.StrictConnPool.lease(StrictConnPool.java:214)
	at org.apache.hc.client5.http.impl.nio.PoolingAsyncClientConnectionManager$3.<init>(PoolingAsyncClientConnectionManager.java:297)
	at org.apache.hc.client5.http.impl.nio.PoolingAsyncClientConnectionManager.lease(PoolingAsyncClientConnectionManager.java:292)
	at org.apache.hc.client5.http.impl.async.InternalHttpAsyncExecRuntime.acquireEndpoint(InternalHttpAsyncExecRuntime.java:119)
	at org.apache.hc.client5.http.impl.async.AsyncConnectExec.execute(AsyncConnectExec.java:152)
	at org.apache.hc.client5.http.impl.async.AsyncExecChainElement.execute(AsyncExecChainElement.java:54)
	at org.apache.hc.client5.http.impl.async.AsyncProtocolExec.internalExecute(AsyncProtocolExec.java:206)
	at org.apache.hc.client5.http.impl.async.AsyncProtocolExec.execute(AsyncProtocolExec.java:171)
	at org.apache.hc.client5.http.impl.async.AsyncExecChainElement.execute(AsyncExecChainElement.java:54)
	at org.apache.hc.client5.http.impl.async.AsyncHttpRequestRetryExec.internalExecute(AsyncHttpRequestRetryExec.java:114)
	at org.apache.hc.client5.http.impl.async.AsyncHttpRequestRetryExec.execute(AsyncHttpRequestRetryExec.java:219)
	at org.apache.hc.client5.http.impl.async.AsyncHttpRequestRetryExec$1.lambda$failed$1(AsyncHttpRequestRetryExec.java:197)
	at org.apache.hc.client5.http.impl.async.InternalAbstractHttpAsyncClient$ScheduledRequestExecution.run(InternalAbstractHttpAsyncClient.java:434)
	at java.base/java.util.concurrent.Executors$RunnableAdapter.call(Executors.java:539)
	at java.base/java.util.concurrent.FutureTask.run(FutureTask.java:264)
	at java.base/java.util.concurrent.ScheduledThreadPoolExecutor$ScheduledFutureTask.run(ScheduledThreadPoolExecutor.java:304)
	at java.base/java.util.concurrent.ThreadPoolExecutor.runWorker(ThreadPoolExecutor.java:1136)
	at java.base/java.util.concurrent.ThreadPoolExecutor$Worker.run(ThreadPoolExecutor.java:635)
	at java.base/java.lang.Thread.run(Thread.java:840)
2026-07-26 07:18:06,490 io.github.jeremylong.openvulnerability.client.nvd.NvdApiRetryStrategy:97
WARN  - Retrying request /rest/json/cves/2.0?resultsPerPage=2000&startIndex=234000 : 2nd time
2026-07-26 07:18:06,491 io.github.jeremylong.openvulnerability.client.nvd.NvdApiRetryStrategy:99
DEBUG - Retrying request with exception java.net.UnknownHostException. Message: services.nvd.nist.gov
2026-07-26 07:18:06,492 io.github.jeremylong.openvulnerability.client.nvd.NvdApiRetryStrategy:97
WARN  - Retrying request /rest/json/cves/2.0?resultsPerPage=2000&startIndex=234000 : 3rd time
2026-07-26 07:18:06,493 io.github.jeremylong.openvulnerability.client.nvd.NvdApiRetryStrategy:99
DEBUG - Retrying request with exception java.net.UnknownHostException. Message: services.nvd.nist.gov
2026-07-26 07:18:06,494 io.github.jeremylong.openvulnerability.client.nvd.NvdApiRetryStrategy:97
WARN  - Retrying request /rest/json/cves/2.0?resultsPerPage=2000&startIndex=234000 : 4th time
2026-07-26 07:18:06,495 io.github.jeremylong.openvulnerability.client.nvd.NvdApiRetryStrategy:99
DEBUG - Retrying request with exception java.net.UnknownHostException. Message: services.nvd.nist.gov
2026-07-26 07:18:06,496 io.github.jeremylong.openvulnerability.client.nvd.NvdApiRetryStrategy:97
WARN  - Retrying request /rest/json/cves/2.0?resultsPerPage=2000&startIndex=234000 : 5th time
2026-07-26 07:18:06,497 io.github.jeremylong.openvulnerability.client.nvd.NvdApiRetryStrategy:99
DEBUG - Retrying request with exception java.net.UnknownHostException. Message: services.nvd.nist.gov
2026-07-26 07:18:06,498 io.github.jeremylong.openvulnerability.client.nvd.NvdApiRetryStrategy:97
WARN  - Retrying request /rest/json/cves/2.0?resultsPerPage=2000&startIndex=234000 : 6th time
2026-07-26 07:18:06,499 io.github.jeremylong.openvulnerability.client.nvd.NvdApiRetryStrategy:99
DEBUG - Retrying request with exception java.net.UnknownHostException. Message: services.nvd.nist.gov
2026-07-26 07:18:06,499 io.github.jeremylong.openvulnerability.client.nvd.NvdApiRetryStrategy:97
WARN  - Retrying request /rest/json/cves/2.0?resultsPerPage=2000&startIndex=234000 : 7th time
2026-07-26 07:18:06,500 io.github.jeremylong.openvulnerability.client.nvd.NvdApiRetryStrategy:99
DEBUG - Retrying request with exception java.net.UnknownHostException. Message: services.nvd.nist.gov
2026-07-26 07:18:06,501 io.github.jeremylong.openvulnerability.client.nvd.NvdApiRetryStrategy:97
WARN  - Retrying request /rest/json/cves/2.0?resultsPerPage=2000&startIndex=234000 : 8th time
2026-07-26 07:18:06,502 io.github.jeremylong.openvulnerability.client.nvd.NvdApiRetryStrategy:99
DEBUG - Retrying request with exception java.net.UnknownHostException. Message: services.nvd.nist.gov
2026-07-26 07:18:06,503 io.github.jeremylong.openvulnerability.client.nvd.NvdApiRetryStrategy:97
WARN  - Retrying request /rest/json/cves/2.0?resultsPerPage=2000&startIndex=234000 : 9th time
2026-07-26 07:18:06,503 io.github.jeremylong.openvulnerability.client.nvd.NvdApiRetryStrategy:99
DEBUG - Retrying request with exception java.net.UnknownHostException. Message: services.nvd.nist.gov
2026-07-26 07:18:06,504 io.github.jeremylong.openvulnerability.client.nvd.NvdApiRetryStrategy:97
WARN  - Retrying request /rest/json/cves/2.0?resultsPerPage=2000&startIndex=234000 : 10th time
2026-07-26 07:18:06,505 io.github.jeremylong.openvulnerability.client.nvd.NvdApiRetryStrategy:99
DEBUG - Retrying request with exception java.net.UnknownHostException. Message: services.nvd.nist.gov
2026-07-26 07:18:06,506 io.github.jeremylong.openvulnerability.client.nvd.NvdApiRetryStrategy:97
WARN  - Retrying request /rest/json/cves/2.0?resultsPerPage=2000&startIndex=234000 : 11th time
2026-07-26 07:18:06,507 io.github.jeremylong.openvulnerability.client.nvd.NvdApiRetryStrategy:99
DEBUG - Retrying request with exception java.net.UnknownHostException. Message: services.nvd.nist.gov
2026-07-26 07:18:06,508 io.github.jeremylong.openvulnerability.client.nvd.NvdApiRetryStrategy:97
WARN  - Retrying request /rest/json/cves/2.0?resultsPerPage=2000&startIndex=234000 : 12th time
2026-07-26 07:18:06,508 io.github.jeremylong.openvulnerability.client.nvd.NvdApiRetryStrategy:99
DEBUG - Retrying request with exception java.net.UnknownHostException. Message: services.nvd.nist.gov
2026-07-26 07:18:06,509 io.github.jeremylong.openvulnerability.client.nvd.NvdApiRetryStrategy:97
WARN  - Retrying request /rest/json/cves/2.0?resultsPerPage=2000&startIndex=234000 : 13th time
2026-07-26 07:18:06,510 io.github.jeremylong.openvulnerability.client.nvd.NvdApiRetryStrategy:99
DEBUG - Retrying request with exception java.net.UnknownHostException. Message: services.nvd.nist.gov
2026-07-26 07:18:06,511 io.github.jeremylong.openvulnerability.client.nvd.NvdApiRetryStrategy:97
WARN  - Retrying request /rest/json/cves/2.0?resultsPerPage=2000&startIndex=234000 : 14th time
2026-07-26 07:18:06,512 io.github.jeremylong.openvulnerability.client.nvd.NvdApiRetryStrategy:99
DEBUG - Retrying request with exception java.net.UnknownHostException. Message: services.nvd.nist.gov
2026-07-26 07:18:06,513 io.github.jeremylong.openvulnerability.client.nvd.NvdApiRetryStrategy:91
WARN  - NVD API request failures are occurring; retrying request for the 15th time
2026-07-26 07:18:06,515 io.github.jeremylong.openvulnerability.client.nvd.NvdApiRetryStrategy:93
DEBUG - NVD API request failures with exception : java.net.UnknownHostException. Message: services.nvd.nist.gov
2026-07-26 07:18:06,517 io.github.jeremylong.openvulnerability.client.nvd.NvdApiRetryStrategy:91
WARN  - NVD API request failures are occurring; retrying request for the 16th time
2026-07-26 07:18:06,517 io.github.jeremylong.openvulnerability.client.nvd.NvdApiRetryStrategy:93
DEBUG - NVD API request failures with exception : java.net.UnknownHostException. Message: services.nvd.nist.gov
2026-07-26 07:18:06,518 io.github.jeremylong.openvulnerability.client.nvd.NvdApiRetryStrategy:91
WARN  - NVD API request failures are occurring; retrying request for the 17th time
2026-07-26 07:18:06,519 io.github.jeremylong.openvulnerability.client.nvd.NvdApiRetryStrategy:93
DEBUG - NVD API request failures with exception : java.net.UnknownHostException. Message: services.nvd.nist.gov
2026-07-26 07:18:06,522 io.github.jeremylong.openvulnerability.client.nvd.NvdApiRetryStrategy:91
WARN  - NVD API request failures are occurring; retrying request for the 18th time
2026-07-26 07:18:06,524 io.github.jeremylong.openvulnerability.client.nvd.NvdApiRetryStrategy:93
DEBUG - NVD API request failures with exception : java.net.UnknownHostException. Message: services.nvd.nist.gov
2026-07-26 07:18:06,527 io.github.jeremylong.openvulnerability.client.nvd.NvdApiRetryStrategy:91
WARN  - NVD API request failures are occurring; retrying request for the 19th time
2026-07-26 07:18:06,529 io.github.jeremylong.openvulnerability.client.nvd.NvdApiRetryStrategy:93
DEBUG - NVD API request failures with exception : java.net.UnknownHostException. Message: services.nvd.nist.gov
2026-07-26 07:18:06,530 io.github.jeremylong.openvulnerability.client.nvd.NvdApiRetryStrategy:91
WARN  - NVD API request failures are occurring; retrying request for the 20th time
2026-07-26 07:18:06,531 io.github.jeremylong.openvulnerability.client.nvd.NvdApiRetryStrategy:93
DEBUG - NVD API request failures with exception : java.net.UnknownHostException. Message: services.nvd.nist.gov
2026-07-26 07:18:06,532 io.github.jeremylong.openvulnerability.client.nvd.NvdApiRetryStrategy:91
WARN  - NVD API request failures are occurring; retrying request for the 21st time
2026-07-26 07:18:06,533 io.github.jeremylong.openvulnerability.client.nvd.NvdApiRetryStrategy:93
DEBUG - NVD API request failures with exception : java.net.UnknownHostException. Message: services.nvd.nist.gov
2026-07-26 07:18:06,534 io.github.jeremylong.openvulnerability.client.nvd.NvdApiRetryStrategy:91
WARN  - NVD API request failures are occurring; retrying request for the 22nd time
2026-07-26 07:18:06,534 io.github.jeremylong.openvulnerability.client.nvd.NvdApiRetryStrategy:93
DEBUG - NVD API request failures with exception : java.net.UnknownHostException. Message: services.nvd.nist.gov
2026-07-26 07:18:06,535 io.github.jeremylong.openvulnerability.client.nvd.NvdApiRetryStrategy:91
WARN  - NVD API request failures are occurring; retrying request for the 23rd time
2026-07-26 07:18:06,536 io.github.jeremylong.openvulnerability.client.nvd.NvdApiRetryStrategy:93
DEBUG - NVD API request failures with exception : java.net.UnknownHostException. Message: services.nvd.nist.gov
2026-07-26 07:18:06,537 io.github.jeremylong.openvulnerability.client.nvd.NvdApiRetryStrategy:91
WARN  - NVD API request failures are occurring; retrying request for the 24th time
2026-07-26 07:18:06,538 io.github.jeremylong.openvulnerability.client.nvd.NvdApiRetryStrategy:93
DEBUG - NVD API request failures with exception : java.net.UnknownHostException. Message: services.nvd.nist.gov
2026-07-26 07:18:06,539 io.github.jeremylong.openvulnerability.client.nvd.NvdApiRetryStrategy:91
WARN  - NVD API request failures are occurring; retrying request for the 25th time
2026-07-26 07:18:06,539 io.github.jeremylong.openvulnerability.client.nvd.NvdApiRetryStrategy:93
DEBUG - NVD API request failures with exception : java.net.UnknownHostException. Message: services.nvd.nist.gov
2026-07-26 07:18:06,540 io.github.jeremylong.openvulnerability.client.nvd.NvdApiRetryStrategy:91
WARN  - NVD API request failures are occurring; retrying request for the 26th time
2026-07-26 07:18:06,540 io.github.jeremylong.openvulnerability.client.nvd.NvdApiRetryStrategy:93
DEBUG - NVD API request failures with exception : java.net.UnknownHostException. Message: services.nvd.nist.gov
2026-07-26 07:18:06,541 io.github.jeremylong.openvulnerability.client.nvd.NvdApiRetryStrategy:91
WARN  - NVD API request failures are occurring; retrying request for the 27th time
2026-07-26 07:18:06,541 io.github.jeremylong.openvulnerability.client.nvd.NvdApiRetryStrategy:93
DEBUG - NVD API request failures with exception : java.net.UnknownHostException. Message: services.nvd.nist.gov
2026-07-26 07:18:06,541 io.github.jeremylong.openvulnerability.client.nvd.NvdApiRetryStrategy:91
WARN  - NVD API request failures are occurring; retrying request for the 28th time
2026-07-26 07:18:06,542 io.github.jeremylong.openvulnerability.client.nvd.NvdApiRetryStrategy:93
DEBUG - NVD API request failures with exception : java.net.UnknownHostException. Message: services.nvd.nist.gov
2026-07-26 07:18:06,543 io.github.jeremylong.openvulnerability.client.nvd.NvdApiRetryStrategy:91
WARN  - NVD API request failures are occurring; retrying request for the 29th time
2026-07-26 07:18:06,544 io.github.jeremylong.openvulnerability.client.nvd.NvdApiRetryStrategy:93
DEBUG - NVD API request failures with exception : java.net.UnknownHostException. Message: services.nvd.nist.gov
2026-07-26 07:18:06,546 io.github.jeremylong.openvulnerability.client.nvd.NvdApiRetryStrategy:91
WARN  - NVD API request failures are occurring; retrying request for the 30th time
2026-07-26 07:18:06,547 io.github.jeremylong.openvulnerability.client.nvd.NvdApiRetryStrategy:93
DEBUG - NVD API request failures with exception : java.net.UnknownHostException. Message: services.nvd.nist.gov
2026-07-26 07:18:06,548 io.github.jeremylong.openvulnerability.client.nvd.NvdApiRetryStrategy:91
WARN  - NVD API request failures are occurring; retrying request for the 31st time
2026-07-26 07:18:06,550 io.github.jeremylong.openvulnerability.client.nvd.NvdApiRetryStrategy:93
DEBUG - NVD API request failures with exception : java.net.UnknownHostException. Message: services.nvd.nist.gov
2026-07-26 07:18:06,550 io.github.jeremylong.openvulnerability.client.nvd.RateMeter:78
DEBUG - Rate limit reached. Waiting for 32074ms.
2026-07-26 07:18:06,550 io.github.jeremylong.openvulnerability.client.nvd.RateLimitedClient$SimpleFutureResponse:355
DEBUG - request failed
java.net.UnknownHostException: services.nvd.nist.gov
	at java.base/java.net.InetAddress$CachedAddresses.get(InetAddress.java:801)
	at java.base/java.net.InetAddress.getAllByName0(InetAddress.java:1533)
	at java.base/java.net.InetAddress.getAllByName(InetAddress.java:1385)
	at java.base/java.net.InetAddress.getAllByName(InetAddress.java:1306)
	at org.apache.hc.client5.http.SystemDefaultDnsResolver.resolve(SystemDefaultDnsResolver.java:61)
	at org.apache.hc.client5.http.DnsResolver.resolve(DnsResolver.java:77)
	at org.apache.hc.client5.http.impl.nio.MultihomeIOSessionRequester.connect(MultihomeIOSessionRequester.java:113)
	at org.apache.hc.client5.http.impl.nio.DefaultAsyncClientConnectionOperator.connect(DefaultAsyncClientConnectionOperator.java:147)
	at org.apache.hc.client5.http.impl.nio.PoolingAsyncClientConnectionManager.connect(PoolingAsyncClientConnectionManager.java:499)
	at org.apache.hc.client5.http.impl.async.InternalHttpAsyncExecRuntime.connectEndpoint(InternalHttpAsyncExecRuntime.java:230)
	at org.apache.hc.client5.http.impl.async.AsyncConnectExec.doProceedToNextHop(AsyncConnectExec.java:222)
	at org.apache.hc.client5.http.impl.async.AsyncConnectExec.proceedToNextHop(AsyncConnectExec.java:197)
	at org.apache.hc.client5.http.impl.async.AsyncConnectExec.access$000(AsyncConnectExec.java:92)
	at org.apache.hc.client5.http.impl.async.AsyncConnectExec$1.completed(AsyncConnectExec.java:164)
	at org.apache.hc.client5.http.impl.async.AsyncConnectExec$1.completed(AsyncConnectExec.java:153)
	at org.apache.hc.client5.http.impl.async.InternalHttpAsyncExecRuntime$1.completed(InternalHttpAsyncExecRuntime.java:132)
	at org.apache.hc.client5.http.impl.async.InternalHttpAsyncExecRuntime$1.completed(InternalHttpAsyncExecRuntime.java:124)
	at org.apache.hc.core5.concurrent.BasicFuture.completed(BasicFuture.java:148)
	at org.apache.hc.client5.http.impl.nio.PoolingAsyncClientConnectionManager$3$1.leaseCompleted(PoolingAsyncClientConnectionManager.java:372)
	at org.apache.hc.client5.http.impl.nio.PoolingAsyncClientConnectionManager$3$1.completed(PoolingAsyncClientConnectionManager.java:354)
	at org.apache.hc.client5.http.impl.nio.PoolingAsyncClientConnectionManager$3$1.completed(PoolingAsyncClientConnectionManager.java:300)
	at org.apache.hc.core5.concurrent.BasicFuture.completed(BasicFuture.java:148)
	at org.apache.hc.core5.pool.StrictConnPool.fireCallbacks(StrictConnPool.java:396)
	at org.apache.hc.core5.pool.StrictConnPool.lease(StrictConnPool.java:214)
	at org.apache.hc.client5.http.impl.nio.PoolingAsyncClientConnectionManager$3.<init>(PoolingAsyncClientConnectionManager.java:297)
	at org.apache.hc.client5.http.impl.nio.PoolingAsyncClientConnectionManager.lease(PoolingAsyncClientConnectionManager.java:292)
	at org.apache.hc.client5.http.impl.async.InternalHttpAsyncExecRuntime.acquireEndpoint(InternalHttpAsyncExecRuntime.java:119)
	at org.apache.hc.client5.http.impl.async.AsyncConnectExec.execute(AsyncConnectExec.java:152)
	at org.apache.hc.client5.http.impl.async.AsyncExecChainElement.execute(AsyncExecChainElement.java:54)
	at org.apache.hc.client5.http.impl.async.AsyncProtocolExec.internalExecute(AsyncProtocolExec.java:206)
	at org.apache.hc.client5.http.impl.async.AsyncProtocolExec.execute(AsyncProtocolExec.java:171)
	at org.apache.hc.client5.http.impl.async.AsyncExecChainElement.execute(AsyncExecChainElement.java:54)
	at org.apache.hc.client5.http.impl.async.AsyncHttpRequestRetryExec.internalExecute(AsyncHttpRequestRetryExec.java:114)
	at org.apache.hc.client5.http.impl.async.AsyncHttpRequestRetryExec.execute(AsyncHttpRequestRetryExec.java:219)
	at org.apache.hc.client5.http.impl.async.AsyncHttpRequestRetryExec$1.lambda$failed$1(AsyncHttpRequestRetryExec.java:197)
	at org.apache.hc.client5.http.impl.async.InternalAbstractHttpAsyncClient$ScheduledRequestExecution.run(InternalAbstractHttpAsyncClient.java:434)
	at java.base/java.util.concurrent.Executors$RunnableAdapter.call(Executors.java:539)
	at java.base/java.util.concurrent.FutureTask.run(FutureTask.java:264)
	at java.base/java.util.concurrent.ScheduledThreadPoolExecutor$ScheduledFutureTask.run(ScheduledThreadPoolExecutor.java:304)
	at java.base/java.util.concurrent.ThreadPoolExecutor.runWorker(ThreadPoolExecutor.java:1136)
	at java.base/java.util.concurrent.ThreadPoolExecutor$Worker.run(ThreadPoolExecutor.java:635)
	at java.base/java.lang.Thread.run(Thread.java:840)
2026-07-26 07:18:06,897 io.github.jeremylong.openvulnerability.client.nvd.NvdCveClient:454
DEBUG - Error retrieving the NVD data
java.util.concurrent.ExecutionException: java.util.concurrent.ExecutionException: java.net.UnknownHostException: services.nvd.nist.gov
	at java.base/java.util.concurrent.FutureTask.report(FutureTask.java:122)
	at java.base/java.util.concurrent.FutureTask.get(FutureTask.java:191)
	at io.github.jeremylong.openvulnerability.client.nvd.NvdCveClient.getCompletedFuture(NvdCveClient.java:519)
	at io.github.jeremylong.openvulnerability.client.nvd.NvdCveClient._next(NvdCveClient.java:370)
	at io.github.jeremylong.openvulnerability.client.nvd.NvdCveClient._next(NvdCveClient.java:456)
	at io.github.jeremylong.openvulnerability.client.nvd.NvdCveClient._next(NvdCveClient.java:456)
	at io.github.jeremylong.openvulnerability.client.nvd.NvdCveClient._next(NvdCveClient.java:456)
	at io.github.jeremylong.openvulnerability.client.nvd.NvdCveClient.next(NvdCveClient.java:356)
	at org.owasp.dependencycheck.data.update.NvdApiDataSource.processApi(NvdApiDataSource.java:343)
	at org.owasp.dependencycheck.data.update.NvdApiDataSource.update(NvdApiDataSource.java:128)
	at org.owasp.dependencycheck.Engine.doUpdates(Engine.java:887)
	at org.owasp.dependencycheck.Engine.doUpdates(Engine.java:859)
	at org.owasp.dependencycheck.App.runUpdateOnly(App.java:444)
	at org.owasp.dependencycheck.App.run(App.java:173)
	at org.owasp.dependencycheck.App.main(App.java:88)
Caused by: java.util.concurrent.ExecutionException: java.net.UnknownHostException: services.nvd.nist.gov
	at org.apache.hc.core5.concurrent.BasicFuture.getResult(BasicFuture.java:84)
	at org.apache.hc.core5.concurrent.BasicFuture.get(BasicFuture.java:99)
	at io.github.jeremylong.openvulnerability.client.nvd.RateLimitedClient.delayedExecute(RateLimitedClient.java:329)
	at io.github.jeremylong.openvulnerability.client.nvd.RateLimitedClient.lambda$execute$1(RateLimitedClient.java:280)
	at io.github.jeremylong.openvulnerability.client.nvd.RateLimitedClient$PrioritizedCallable.call(RateLimitedClient.java:406)
	at java.base/java.util.concurrent.FutureTask.run(FutureTask.java:264)
	at java.base/java.util.concurrent.ThreadPoolExecutor.runWorker(ThreadPoolExecutor.java:1136)
	at java.base/java.util.concurrent.ThreadPoolExecutor$Worker.run(ThreadPoolExecutor.java:635)
	at java.base/java.lang.Thread.run(Thread.java:840)
Caused by: java.net.UnknownHostException: services.nvd.nist.gov
	at java.base/java.net.InetAddress$CachedAddresses.get(InetAddress.java:801)
	at java.base/java.net.InetAddress.getAllByName0(InetAddress.java:1533)
	at java.base/java.net.InetAddress.getAllByName(InetAddress.java:1385)
	at java.base/java.net.InetAddress.getAllByName(InetAddress.java:1306)
	at org.apache.hc.client5.http.SystemDefaultDnsResolver.resolve(SystemDefaultDnsResolver.java:61)
	at org.apache.hc.client5.http.DnsResolver.resolve(DnsResolver.java:77)
	at org.apache.hc.client5.http.impl.nio.MultihomeIOSessionRequester.connect(MultihomeIOSessionRequester.java:113)
	at org.apache.hc.client5.http.impl.nio.DefaultAsyncClientConnectionOperator.connect(DefaultAsyncClientConnectionOperator.java:147)
	at org.apache.hc.client5.http.impl.nio.PoolingAsyncClientConnectionManager.connect(PoolingAsyncClientConnectionManager.java:499)
	at org.apache.hc.client5.http.impl.async.InternalHttpAsyncExecRuntime.connectEndpoint(InternalHttpAsyncExecRuntime.java:230)
	at org.apache.hc.client5.http.impl.async.AsyncConnectExec.doProceedToNextHop(AsyncConnectExec.java:222)
	at org.apache.hc.client5.http.impl.async.AsyncConnectExec.proceedToNextHop(AsyncConnectExec.java:197)
	at org.apache.hc.client5.http.impl.async.AsyncConnectExec.access$000(AsyncConnectExec.java:92)
	at org.apache.hc.client5.http.impl.async.AsyncConnectExec$1.completed(AsyncConnectExec.java:164)
	at org.apache.hc.client5.http.impl.async.AsyncConnectExec$1.completed(AsyncConnectExec.java:153)
	at org.apache.hc.client5.http.impl.async.InternalHttpAsyncExecRuntime$1.completed(InternalHttpAsyncExecRuntime.java:132)
	at org.apache.hc.client5.http.impl.async.InternalHttpAsyncExecRuntime$1.completed(InternalHttpAsyncExecRuntime.java:124)
	at org.apache.hc.core5.concurrent.BasicFuture.completed(BasicFuture.java:148)
	at org.apache.hc.client5.http.impl.nio.PoolingAsyncClientConnectionManager$3$1.leaseCompleted(PoolingAsyncClientConnectionManager.java:372)
	at org.apache.hc.client5.http.impl.nio.PoolingAsyncClientConnectionManager$3$1.completed(PoolingAsyncClientConnectionManager.java:354)
	at org.apache.hc.client5.http.impl.nio.PoolingAsyncClientConnectionManager$3$1.completed(PoolingAsyncClientConnectionManager.java:300)
	at org.apache.hc.core5.concurrent.BasicFuture.completed(BasicFuture.java:148)
	at org.apache.hc.core5.pool.StrictConnPool.fireCallbacks(StrictConnPool.java:396)
	at org.apache.hc.core5.pool.StrictConnPool.lease(StrictConnPool.java:214)
	at org.apache.hc.client5.http.impl.nio.PoolingAsyncClientConnectionManager$3.<init>(PoolingAsyncClientConnectionManager.java:297)
	at org.apache.hc.client5.http.impl.nio.PoolingAsyncClientConnectionManager.lease(PoolingAsyncClientConnectionManager.java:292)
	at org.apache.hc.client5.http.impl.async.InternalHttpAsyncExecRuntime.acquireEndpoint(InternalHttpAsyncExecRuntime.java:119)
	at org.apache.hc.client5.http.impl.async.AsyncConnectExec.execute(AsyncConnectExec.java:152)
	at org.apache.hc.client5.http.impl.async.AsyncExecChainElement.execute(AsyncExecChainElement.java:54)
	at org.apache.hc.client5.http.impl.async.AsyncProtocolExec.internalExecute(AsyncProtocolExec.java:206)
	at org.apache.hc.client5.http.impl.async.AsyncProtocolExec.execute(AsyncProtocolExec.java:171)
	at org.apache.hc.client5.http.impl.async.AsyncExecChainElement.execute(AsyncExecChainElement.java:54)
	at org.apache.hc.client5.http.impl.async.AsyncHttpRequestRetryExec.internalExecute(AsyncHttpRequestRetryExec.java:114)
	at org.apache.hc.client5.http.impl.async.AsyncHttpRequestRetryExec.execute(AsyncHttpRequestRetryExec.java:219)
	at org.apache.hc.client5.http.impl.async.AsyncHttpRequestRetryExec$1.lambda$failed$1(AsyncHttpRequestRetryExec.java:197)
	at org.apache.hc.client5.http.impl.async.InternalAbstractHttpAsyncClient$ScheduledRequestExecution.run(InternalAbstractHttpAsyncClient.java:434)
	at java.base/java.util.concurrent.Executors$RunnableAdapter.call(Executors.java:539)
	at java.base/java.util.concurrent.FutureTask.run(FutureTask.java:264)
	at java.base/java.util.concurrent.ScheduledThreadPoolExecutor$ScheduledFutureTask.run(ScheduledThreadPoolExecutor.java:304)
	... 3 common frames omitted
2026-07-26 07:18:06,897 io.github.jeremylong.openvulnerability.client.nvd.NvdCveClient:454
DEBUG - Error retrieving the NVD data
java.util.concurrent.ExecutionException: java.util.concurrent.ExecutionException: java.net.UnknownHostException: services.nvd.nist.gov
	at java.base/java.util.concurrent.FutureTask.report(FutureTask.java:122)
	at java.base/java.util.concurrent.FutureTask.get(FutureTask.java:191)
	at io.github.jeremylong.openvulnerability.client.nvd.NvdCveClient.getCompletedFuture(NvdCveClient.java:519)
	at io.github.jeremylong.openvulnerability.client.nvd.NvdCveClient._next(NvdCveClient.java:370)
	at io.github.jeremylong.openvulnerability.client.nvd.NvdCveClient._next(NvdCveClient.java:456)
	at io.github.jeremylong.openvulnerability.client.nvd.NvdCveClient._next(NvdCveClient.java:456)
	at io.github.jeremylong.openvulnerability.client.nvd.NvdCveClient._next(NvdCveClient.java:456)
	at io.github.jeremylong.openvulnerability.client.nvd.NvdCveClient._next(NvdCveClient.java:456)
	at io.github.jeremylong.openvulnerability.client.nvd.NvdCveClient.next(NvdCveClient.java:356)
	at org.owasp.dependencycheck.data.update.NvdApiDataSource.processApi(NvdApiDataSource.java:343)
	at org.owasp.dependencycheck.data.update.NvdApiDataSource.update(NvdApiDataSource.java:128)
	at org.owasp.dependencycheck.Engine.doUpdates(Engine.java:887)
	at org.owasp.dependencycheck.Engine.doUpdates(Engine.java:859)
	at org.owasp.dependencycheck.App.runUpdateOnly(App.java:444)
	at org.owasp.dependencycheck.App.run(App.java:173)
	at org.owasp.dependencycheck.App.main(App.java:88)
Caused by: java.util.concurrent.ExecutionException: java.net.UnknownHostException: services.nvd.nist.gov
	at org.apache.hc.core5.concurrent.BasicFuture.getResult(BasicFuture.java:84)
	at org.apache.hc.core5.concurrent.BasicFuture.get(BasicFuture.java:99)
	at io.github.jeremylong.openvulnerability.client.nvd.RateLimitedClient.delayedExecute(RateLimitedClient.java:329)
	at io.github.jeremylong.openvulnerability.client.nvd.RateLimitedClient.lambda$execute$1(RateLimitedClient.java:280)
	at io.github.jeremylong.openvulnerability.client.nvd.RateLimitedClient$PrioritizedCallable.call(RateLimitedClient.java:406)
	at java.base/java.util.concurrent.FutureTask.run(FutureTask.java:264)
	at java.base/java.util.concurrent.ThreadPoolExecutor.runWorker(ThreadPoolExecutor.java:1136)
	at java.base/java.util.concurrent.ThreadPoolExecutor$Worker.run(ThreadPoolExecutor.java:635)
	at java.base/java.lang.Thread.run(Thread.java:840)
Caused by: java.net.UnknownHostException: services.nvd.nist.gov
	at java.base/java.net.InetAddress$CachedAddresses.get(InetAddress.java:801)
	at java.base/java.net.InetAddress.getAllByName0(InetAddress.java:1533)
	at java.base/java.net.InetAddress.getAllByName(InetAddress.java:1385)
	at java.base/java.net.InetAddress.getAllByName(InetAddress.java:1306)
	at org.apache.hc.client5.http.SystemDefaultDnsResolver.resolve(SystemDefaultDnsResolver.java:61)
	at org.apache.hc.client5.http.DnsResolver.resolve(DnsResolver.java:77)
	at org.apache.hc.client5.http.impl.nio.MultihomeIOSessionRequester.connect(MultihomeIOSessionRequester.java:113)
	at org.apache.hc.client5.http.impl.nio.DefaultAsyncClientConnectionOperator.connect(DefaultAsyncClientConnectionOperator.java:147)
	at org.apache.hc.client5.http.impl.nio.PoolingAsyncClientConnectionManager.connect(PoolingAsyncClientConnectionManager.java:499)
	at org.apache.hc.client5.http.impl.async.InternalHttpAsyncExecRuntime.connectEndpoint(InternalHttpAsyncExecRuntime.java:230)
	at org.apache.hc.client5.http.impl.async.AsyncConnectExec.doProceedToNextHop(AsyncConnectExec.java:222)
	at org.apache.hc.client5.http.impl.async.AsyncConnectExec.proceedToNextHop(AsyncConnectExec.java:197)
	at org.apache.hc.client5.http.impl.async.AsyncConnectExec.access$000(AsyncConnectExec.java:92)
	at org.apache.hc.client5.http.impl.async.AsyncConnectExec$1.completed(AsyncConnectExec.java:164)
	at org.apache.hc.client5.http.impl.async.AsyncConnectExec$1.completed(AsyncConnectExec.java:153)
	at org.apache.hc.client5.http.impl.async.InternalHttpAsyncExecRuntime$1.completed(InternalHttpAsyncExecRuntime.java:132)
	at org.apache.hc.client5.http.impl.async.InternalHttpAsyncExecRuntime$1.completed(InternalHttpAsyncExecRuntime.java:124)
	at org.apache.hc.core5.concurrent.BasicFuture.completed(BasicFuture.java:148)
	at org.apache.hc.client5.http.impl.nio.PoolingAsyncClientConnectionManager$3$1.leaseCompleted(PoolingAsyncClientConnectionManager.java:372)
	at org.apache.hc.client5.http.impl.nio.PoolingAsyncClientConnectionManager$3$1.completed(PoolingAsyncClientConnectionManager.java:354)
	at org.apache.hc.client5.http.impl.nio.PoolingAsyncClientConnectionManager$3$1.completed(PoolingAsyncClientConnectionManager.java:300)
	at org.apache.hc.core5.concurrent.BasicFuture.completed(BasicFuture.java:148)
	at org.apache.hc.core5.pool.StrictConnPool.fireCallbacks(StrictConnPool.java:396)
	at org.apache.hc.core5.pool.StrictConnPool.lease(StrictConnPool.java:214)
	at org.apache.hc.client5.http.impl.nio.PoolingAsyncClientConnectionManager$3.<init>(PoolingAsyncClientConnectionManager.java:297)
	at org.apache.hc.client5.http.impl.nio.PoolingAsyncClientConnectionManager.lease(PoolingAsyncClientConnectionManager.java:292)
	at org.apache.hc.client5.http.impl.async.InternalHttpAsyncExecRuntime.acquireEndpoint(InternalHttpAsyncExecRuntime.java:119)
	at org.apache.hc.client5.http.impl.async.AsyncConnectExec.execute(AsyncConnectExec.java:152)
	at org.apache.hc.client5.http.impl.async.AsyncExecChainElement.execute(AsyncExecChainElement.java:54)
	at org.apache.hc.client5.http.impl.async.AsyncProtocolExec.internalExecute(AsyncProtocolExec.java:206)
	at org.apache.hc.client5.http.impl.async.AsyncProtocolExec.execute(AsyncProtocolExec.java:171)
	at org.apache.hc.client5.http.impl.async.AsyncExecChainElement.execute(AsyncExecChainElement.java:54)
	at org.apache.hc.client5.http.impl.async.AsyncHttpRequestRetryExec.internalExecute(AsyncHttpRequestRetryExec.java:114)
	at org.apache.hc.client5.http.impl.async.AsyncHttpRequestRetryExec.execute(AsyncHttpRequestRetryExec.java:219)
	at org.apache.hc.client5.http.impl.async.AsyncHttpRequestRetryExec$1.lambda$failed$1(AsyncHttpRequestRetryExec.java:197)
	at org.apache.hc.client5.http.impl.async.InternalAbstractHttpAsyncClient$ScheduledRequestExecution.run(InternalAbstractHttpAsyncClient.java:434)
	at java.base/java.util.concurrent.Executors$RunnableAdapter.call(Executors.java:539)
	at java.base/java.util.concurrent.FutureTask.run(FutureTask.java:264)
	at java.base/java.util.concurrent.ScheduledThreadPoolExecutor$ScheduledFutureTask.run(ScheduledThreadPoolExecutor.java:304)
	... 3 common frames omitted
2026-07-26 07:18:06,898 io.github.jeremylong.openvulnerability.client.nvd.NvdCveClient:454
DEBUG - Error retrieving the NVD data
java.util.concurrent.ExecutionException: java.util.concurrent.ExecutionException: java.net.UnknownHostException: services.nvd.nist.gov
	at java.base/java.util.concurrent.FutureTask.report(FutureTask.java:122)
	at java.base/java.util.concurrent.FutureTask.get(FutureTask.java:191)
	at io.github.jeremylong.openvulnerability.client.nvd.NvdCveClient.getCompletedFuture(NvdCveClient.java:519)
	at io.github.jeremylong.openvulnerability.client.nvd.NvdCveClient._next(NvdCveClient.java:370)
	at io.github.jeremylong.openvulnerability.client.nvd.NvdCveClient._next(NvdCveClient.java:456)
	at io.github.jeremylong.openvulnerability.client.nvd.NvdCveClient._next(NvdCveClient.java:456)
	at io.github.jeremylong.openvulnerability.client.nvd.NvdCveClient._next(NvdCveClient.java:456)
	at io.github.jeremylong.openvulnerability.client.nvd.NvdCveClient._next(NvdCveClient.java:456)
	at io.github.jeremylong.openvulnerability.client.nvd.NvdCveClient._next(NvdCveClient.java:456)
	at io.github.jeremylong.openvulnerability.client.nvd.NvdCveClient.next(NvdCveClient.java:356)
	at org.owasp.dependencycheck.data.update.NvdApiDataSource.processApi(NvdApiDataSource.java:343)
	at org.owasp.dependencycheck.data.update.NvdApiDataSource.update(NvdApiDataSource.java:128)
	at org.owasp.dependencycheck.Engine.doUpdates(Engine.java:887)
	at org.owasp.dependencycheck.Engine.doUpdates(Engine.java:859)
	at org.owasp.dependencycheck.App.runUpdateOnly(App.java:444)
	at org.owasp.dependencycheck.App.run(App.java:173)
	at org.owasp.dependencycheck.App.main(App.java:88)
Caused by: java.util.concurrent.ExecutionException: java.net.UnknownHostException: services.nvd.nist.gov
	at org.apache.hc.core5.concurrent.BasicFuture.getResult(BasicFuture.java:84)
	at org.apache.hc.core5.concurrent.BasicFuture.get(BasicFuture.java:99)
	at io.github.jeremylong.openvulnerability.client.nvd.RateLimitedClient.delayedExecute(RateLimitedClient.java:329)
	at io.github.jeremylong.openvulnerability.client.nvd.RateLimitedClient.lambda$execute$1(RateLimitedClient.java:280)
	at io.github.jeremylong.openvulnerability.client.nvd.RateLimitedClient$PrioritizedCallable.call(RateLimitedClient.java:406)
	at java.base/java.util.concurrent.FutureTask.run(FutureTask.java:264)
	at java.base/java.util.concurrent.ThreadPoolExecutor.runWorker(ThreadPoolExecutor.java:1136)
	at java.base/java.util.concurrent.ThreadPoolExecutor$Worker.run(ThreadPoolExecutor.java:635)
	at java.base/java.lang.Thread.run(Thread.java:840)
Caused by: java.net.UnknownHostException: services.nvd.nist.gov
	at java.base/java.net.InetAddress$CachedAddresses.get(InetAddress.java:801)
	at java.base/java.net.InetAddress.getAllByName0(InetAddress.java:1533)
	at java.base/java.net.InetAddress.getAllByName(InetAddress.java:1385)
	at java.base/java.net.InetAddress.getAllByName(InetAddress.java:1306)
	at org.apache.hc.client5.http.SystemDefaultDnsResolver.resolve(SystemDefaultDnsResolver.java:61)
	at org.apache.hc.client5.http.DnsResolver.resolve(DnsResolver.java:77)
	at org.apache.hc.client5.http.impl.nio.MultihomeIOSessionRequester.connect(MultihomeIOSessionRequester.java:113)
	at org.apache.hc.client5.http.impl.nio.DefaultAsyncClientConnectionOperator.connect(DefaultAsyncClientConnectionOperator.java:147)
	at org.apache.hc.client5.http.impl.nio.PoolingAsyncClientConnectionManager.connect(PoolingAsyncClientConnectionManager.java:499)
	at org.apache.hc.client5.http.impl.async.InternalHttpAsyncExecRuntime.connectEndpoint(InternalHttpAsyncExecRuntime.java:230)
	at org.apache.hc.client5.http.impl.async.AsyncConnectExec.doProceedToNextHop(AsyncConnectExec.java:222)
	at org.apache.hc.client5.http.impl.async.AsyncConnectExec.proceedToNextHop(AsyncConnectExec.java:197)
	at org.apache.hc.client5.http.impl.async.AsyncConnectExec.access$000(AsyncConnectExec.java:92)
	at org.apache.hc.client5.http.impl.async.AsyncConnectExec$1.completed(AsyncConnectExec.java:164)
	at org.apache.hc.client5.http.impl.async.AsyncConnectExec$1.completed(AsyncConnectExec.java:153)
	at org.apache.hc.client5.http.impl.async.InternalHttpAsyncExecRuntime$1.completed(InternalHttpAsyncExecRuntime.java:132)
	at org.apache.hc.client5.http.impl.async.InternalHttpAsyncExecRuntime$1.completed(InternalHttpAsyncExecRuntime.java:124)
	at org.apache.hc.core5.concurrent.BasicFuture.completed(BasicFuture.java:148)
	at org.apache.hc.client5.http.impl.nio.PoolingAsyncClientConnectionManager$3$1.leaseCompleted(PoolingAsyncClientConnectionManager.java:372)
	at org.apache.hc.client5.http.impl.nio.PoolingAsyncClientConnectionManager$3$1.completed(PoolingAsyncClientConnectionManager.java:354)
	at org.apache.hc.client5.http.impl.nio.PoolingAsyncClientConnectionManager$3$1.completed(PoolingAsyncClientConnectionManager.java:300)
	at org.apache.hc.core5.concurrent.BasicFuture.completed(BasicFuture.java:148)
	at org.apache.hc.core5.pool.StrictConnPool.fireCallbacks(StrictConnPool.java:396)
	at org.apache.hc.core5.pool.StrictConnPool.lease(StrictConnPool.java:214)
	at org.apache.hc.client5.http.impl.nio.PoolingAsyncClientConnectionManager$3.<init>(PoolingAsyncClientConnectionManager.java:297)
	at org.apache.hc.client5.http.impl.nio.PoolingAsyncClientConnectionManager.lease(PoolingAsyncClientConnectionManager.java:292)
	at org.apache.hc.client5.http.impl.async.InternalHttpAsyncExecRuntime.acquireEndpoint(InternalHttpAsyncExecRuntime.java:119)
	at org.apache.hc.client5.http.impl.async.AsyncConnectExec.execute(AsyncConnectExec.java:152)
	at org.apache.hc.client5.http.impl.async.AsyncExecChainElement.execute(AsyncExecChainElement.java:54)
	at org.apache.hc.client5.http.impl.async.AsyncProtocolExec.internalExecute(AsyncProtocolExec.java:206)
	at org.apache.hc.client5.http.impl.async.AsyncProtocolExec.execute(AsyncProtocolExec.java:171)
	at org.apache.hc.client5.http.impl.async.AsyncExecChainElement.execute(AsyncExecChainElement.java:54)
	at org.apache.hc.client5.http.impl.async.AsyncHttpRequestRetryExec.internalExecute(AsyncHttpRequestRetryExec.java:114)
	at org.apache.hc.client5.http.impl.async.AsyncHttpRequestRetryExec.execute(AsyncHttpRequestRetryExec.java:219)
	at org.apache.hc.client5.http.impl.async.AsyncHttpRequestRetryExec$1.lambda$failed$1(AsyncHttpRequestRetryExec.java:197)
	at org.apache.hc.client5.http.impl.async.InternalAbstractHttpAsyncClient$ScheduledRequestExecution.run(InternalAbstractHttpAsyncClient.java:434)
	at java.base/java.util.concurrent.Executors$RunnableAdapter.call(Executors.java:539)
	at java.base/java.util.concurrent.FutureTask.run(FutureTask.java:264)
	at java.base/java.util.concurrent.ScheduledThreadPoolExecutor$ScheduledFutureTask.run(ScheduledThreadPoolExecutor.java:304)
	... 3 common frames omitted
2026-07-26 07:18:06,902 org.owasp.dependencycheck.Engine:890
ERROR - Error updating the NVD Data
org.owasp.dependencycheck.data.update.exception.UpdateException: Error updating the NVD Data
	at org.owasp.dependencycheck.data.update.NvdApiDataSource.processApi(NvdApiDataSource.java:387)
	at org.owasp.dependencycheck.data.update.NvdApiDataSource.update(NvdApiDataSource.java:128)
	at org.owasp.dependencycheck.Engine.doUpdates(Engine.java:887)
	at org.owasp.dependencycheck.Engine.doUpdates(Engine.java:859)
	at org.owasp.dependencycheck.App.runUpdateOnly(App.java:444)
	at org.owasp.dependencycheck.App.run(App.java:173)
	at org.owasp.dependencycheck.App.main(App.java:88)
Caused by: io.github.jeremylong.openvulnerability.client.nvd.NvdApiRetryExceededException: NVD Update Failed: attempted to retrieve data from the NVD unsuccessfully five times.
	at io.github.jeremylong.openvulnerability.client.nvd.NvdCveClient._next(NvdCveClient.java:361)
	at io.github.jeremylong.openvulnerability.client.nvd.NvdCveClient._next(NvdCveClient.java:456)
	at io.github.jeremylong.openvulnerability.client.nvd.NvdCveClient._next(NvdCveClient.java:456)
	at io.github.jeremylong.openvulnerability.client.nvd.NvdCveClient._next(NvdCveClient.java:456)
	at io.github.jeremylong.openvulnerability.client.nvd.NvdCveClient._next(NvdCveClient.java:456)
	at io.github.jeremylong.openvulnerability.client.nvd.NvdCveClient._next(NvdCveClient.java:456)
	at io.github.jeremylong.openvulnerability.client.nvd.NvdCveClient._next(NvdCveClient.java:456)
	at io.github.jeremylong.openvulnerability.client.nvd.NvdCveClient.next(NvdCveClient.java:356)
	at org.owasp.dependencycheck.data.update.NvdApiDataSource.processApi(NvdApiDataSource.java:343)
	... 6 common frames omitted
2026-07-26 07:18:06,908 org.owasp.dependencycheck.utils.Settings:1305
DEBUG - Settings.getDataFile() - file: 'C:\Users\jsoni\Downloads\dependency-check-12.2.2-release\dependency-check\data'
2026-07-26 07:18:06,908 org.owasp.dependencycheck.data.update.RetireJSDataSource:88
DEBUG - Begin RetireJS Update
2026-07-26 07:18:06,909 org.owasp.dependencycheck.utils.Settings:1305
DEBUG - Settings.getDataFile() - file: 'C:\Users\jsoni\Downloads\dependency-check-12.2.2-release\dependency-check\data'
2026-07-26 07:18:06,938 org.owasp.dependencycheck.utils.WriteLock:168
DEBUG - Lock file created (main) b54838e8073bc9349f064da129cb9d6e @ 2026-07-26 07:18:06.938
2026-07-26 07:18:06,939 org.owasp.dependencycheck.data.update.RetireJSDataSource:139
DEBUG - RetireJS Repo URL: https://raw.githubusercontent.com/Retirejs/retire.js/master/repository/jsrepository.json
2026-07-26 07:18:07,025 org.owasp.dependencycheck.utils.WriteLock:240
DEBUG - Lock released (main) b54838e8073bc9349f064da129cb9d6e @ 2026-07-26 07:18:07.025
2026-07-26 07:18:07,025 org.owasp.dependencycheck.Engine:890
ERROR - Failed to initialize the RetireJS repo
org.owasp.dependencycheck.data.update.exception.UpdateException: Failed to initialize the RetireJS repo
	at org.owasp.dependencycheck.data.update.RetireJSDataSource.initializeRetireJsRepo(RetireJSDataSource.java:142)
	at org.owasp.dependencycheck.data.update.RetireJSDataSource.update(RetireJSDataSource.java:89)
	at org.owasp.dependencycheck.Engine.doUpdates(Engine.java:887)
	at org.owasp.dependencycheck.Engine.doUpdates(Engine.java:859)
	at org.owasp.dependencycheck.App.runUpdateOnly(App.java:444)
	at org.owasp.dependencycheck.App.run(App.java:173)
	at org.owasp.dependencycheck.App.main(App.java:88)
Caused by: org.owasp.dependencycheck.utils.DownloadFailedException: Download failed, unable to copy 'https://raw.githubusercontent.com/Retirejs/retire.js/master/repository/jsrepository.json' to 'C:\Users\jsoni\Downloads\dependency-check-12.2.2-release\dependency-check\data\jsrepository.json'; No such host is known (raw.githubusercontent.com)
	at org.owasp.dependencycheck.utils.Downloader.fetchFile(Downloader.java:425)
	at org.owasp.dependencycheck.utils.Downloader.fetchFile(Downloader.java:384)
	at org.owasp.dependencycheck.data.update.RetireJSDataSource.initializeRetireJsRepo(RetireJSDataSource.java:140)
	... 6 common frames omitted
Caused by: java.net.UnknownHostException: No such host is known (raw.githubusercontent.com)
	at java.base/java.net.Inet6AddressImpl.lookupAllHostAddr(Native Method)
	at java.base/java.net.InetAddress$PlatformNameService.lookupAllHostAddr(InetAddress.java:934)
	at java.base/java.net.InetAddress.getAddressesFromNameService(InetAddress.java:1543)
	at java.base/java.net.InetAddress$NameServiceAddresses.get(InetAddress.java:852)
	at java.base/java.net.InetAddress.getAllByName0(InetAddress.java:1533)
	at java.base/java.net.InetAddress.getAllByName(InetAddress.java:1385)
	at java.base/java.net.InetAddress.getAllByName(InetAddress.java:1306)
	at org.apache.hc.client5.http.SystemDefaultDnsResolver.resolve(SystemDefaultDnsResolver.java:61)
	at org.apache.hc.client5.http.DnsResolver.resolve(DnsResolver.java:77)
	at org.apache.hc.client5.http.impl.io.DefaultHttpClientConnectionOperator.connect(DefaultHttpClientConnectionOperator.java:202)
	at org.apache.hc.client5.http.impl.io.PoolingHttpClientConnectionManager.connect(PoolingHttpClientConnectionManager.java:547)
	at org.apache.hc.client5.http.impl.classic.InternalExecRuntime.connectEndpoint(InternalExecRuntime.java:164)
	at org.apache.hc.client5.http.impl.classic.InternalExecRuntime.connectEndpoint(InternalExecRuntime.java:174)
	at org.apache.hc.client5.http.impl.classic.ConnectExec.execute(ConnectExec.java:144)
	at org.apache.hc.client5.http.impl.classic.ExecChainElement.execute(ExecChainElement.java:51)
	at org.apache.hc.client5.http.impl.classic.ProtocolExec.execute(ProtocolExec.java:192)
	at org.apache.hc.client5.http.impl.classic.ExecChainElement.execute(ExecChainElement.java:51)
	at org.apache.hc.client5.http.impl.classic.ContentCompressionExec.execute(ContentCompressionExec.java:138)
	at org.apache.hc.client5.http.impl.classic.ExecChainElement.execute(ExecChainElement.java:51)
	at org.apache.hc.client5.http.impl.classic.HttpRequestRetryExec.execute(HttpRequestRetryExec.java:112)
	at org.apache.hc.client5.http.impl.classic.ExecChainElement.execute(ExecChainElement.java:51)
	at org.apache.hc.client5.http.impl.classic.RedirectExec.execute(RedirectExec.java:110)
	at org.apache.hc.client5.http.impl.classic.ExecChainElement.execute(ExecChainElement.java:51)
	at org.apache.hc.client5.http.impl.classic.InternalHttpClient.doExecute(InternalHttpClient.java:185)
	at org.apache.hc.client5.http.impl.classic.CloseableHttpClient.execute(CloseableHttpClient.java:245)
	at org.apache.hc.client5.http.impl.classic.CloseableHttpClient.execute(CloseableHttpClient.java:188)
	at org.owasp.dependencycheck.utils.Downloader.fetchFile(Downloader.java:410)
	... 8 common frames omitted
2026-07-26 07:18:07,028 org.owasp.dependencycheck.utils.Settings:1305
DEBUG - Settings.getDataFile() - file: 'C:\Users\jsoni\Downloads\dependency-check-12.2.2-release\dependency-check\data'
2026-07-26 07:18:07,029 org.owasp.dependencycheck.data.update.HostedSuppressionsDataSource:77
DEBUG - Begin Hosted Suppressions file update
2026-07-26 07:18:07,030 org.owasp.dependencycheck.utils.Settings:1305
DEBUG - Settings.getDataFile() - file: 'C:\Users\jsoni\Downloads\dependency-check-12.2.2-release\dependency-check\data'
2026-07-26 07:18:07,056 org.owasp.dependencycheck.utils.WriteLock:168
DEBUG - Lock file created (main) 89c258b4a7a80272658f5fe5226fba82 @ 2026-07-26 07:18:07.056
2026-07-26 07:18:07,057 org.owasp.dependencycheck.data.update.HostedSuppressionsDataSource:133
DEBUG - Hosted Suppressions URL: https://dependency-check.github.io/DependencyCheck/suppressions/publishedSuppressions.xml
2026-07-26 07:18:07,064 org.owasp.dependencycheck.utils.WriteLock:240
DEBUG - Lock released (main) 89c258b4a7a80272658f5fe5226fba82 @ 2026-07-26 07:18:07.064
2026-07-26 07:18:07,065 org.owasp.dependencycheck.data.update.HostedSuppressionsDataSource:83
WARN  - Failed to update hosted suppressions file, results may contain false positives already resolved by the DependencyCheck project
org.owasp.dependencycheck.data.update.exception.UpdateException: Failed to update the hosted suppressions file
	at org.owasp.dependencycheck.data.update.HostedSuppressionsDataSource.fetchHostedSuppressions(HostedSuppressionsDataSource.java:137)
	at org.owasp.dependencycheck.data.update.HostedSuppressionsDataSource.update(HostedSuppressionsDataSource.java:78)
	at org.owasp.dependencycheck.Engine.doUpdates(Engine.java:887)
	at org.owasp.dependencycheck.Engine.doUpdates(Engine.java:859)
	at org.owasp.dependencycheck.App.runUpdateOnly(App.java:444)
	at org.owasp.dependencycheck.App.run(App.java:173)
	at org.owasp.dependencycheck.App.main(App.java:88)
Caused by: org.owasp.dependencycheck.utils.DownloadFailedException: Download failed, unable to copy 'https://dependency-check.github.io/DependencyCheck/suppressions/publishedSuppressions.xml' to 'C:\Users\jsoni\Downloads\dependency-check-12.2.2-release\dependency-check\data\publishedSuppressions.xml'; No such host is known (dependency-check.github.io)
	at org.owasp.dependencycheck.utils.Downloader.fetchFile(Downloader.java:425)
	at org.owasp.dependencycheck.utils.Downloader.fetchFile(Downloader.java:384)
	at org.owasp.dependencycheck.data.update.HostedSuppressionsDataSource.fetchHostedSuppressions(HostedSuppressionsDataSource.java:135)
	... 6 common frames omitted
Caused by: java.net.UnknownHostException: No such host is known (dependency-check.github.io)
	at java.base/java.net.Inet6AddressImpl.lookupAllHostAddr(Native Method)
	at java.base/java.net.InetAddress$PlatformNameService.lookupAllHostAddr(InetAddress.java:934)
	at java.base/java.net.InetAddress.getAddressesFromNameService(InetAddress.java:1543)
	at java.base/java.net.InetAddress$NameServiceAddresses.get(InetAddress.java:852)
	at java.base/java.net.InetAddress.getAllByName0(InetAddress.java:1533)
	at java.base/java.net.InetAddress.getAllByName(InetAddress.java:1385)
	at java.base/java.net.InetAddress.getAllByName(InetAddress.java:1306)
	at org.apache.hc.client5.http.SystemDefaultDnsResolver.resolve(SystemDefaultDnsResolver.java:61)
	at org.apache.hc.client5.http.DnsResolver.resolve(DnsResolver.java:77)
	at org.apache.hc.client5.http.impl.io.DefaultHttpClientConnectionOperator.connect(DefaultHttpClientConnectionOperator.java:202)
	at org.apache.hc.client5.http.impl.io.PoolingHttpClientConnectionManager.connect(PoolingHttpClientConnectionManager.java:547)
	at org.apache.hc.client5.http.impl.classic.InternalExecRuntime.connectEndpoint(InternalExecRuntime.java:164)
	at org.apache.hc.client5.http.impl.classic.InternalExecRuntime.connectEndpoint(InternalExecRuntime.java:174)
	at org.apache.hc.client5.http.impl.classic.ConnectExec.execute(ConnectExec.java:144)
	at org.apache.hc.client5.http.impl.classic.ExecChainElement.execute(ExecChainElement.java:51)
	at org.apache.hc.client5.http.impl.classic.ProtocolExec.execute(ProtocolExec.java:192)
	at org.apache.hc.client5.http.impl.classic.ExecChainElement.execute(ExecChainElement.java:51)
	at org.apache.hc.client5.http.impl.classic.ContentCompressionExec.execute(ContentCompressionExec.java:138)
	at org.apache.hc.client5.http.impl.classic.ExecChainElement.execute(ExecChainElement.java:51)
	at org.apache.hc.client5.http.impl.classic.HttpRequestRetryExec.execute(HttpRequestRetryExec.java:112)
	at org.apache.hc.client5.http.impl.classic.ExecChainElement.execute(ExecChainElement.java:51)
	at org.apache.hc.client5.http.impl.classic.RedirectExec.execute(RedirectExec.java:110)
	at org.apache.hc.client5.http.impl.classic.ExecChainElement.execute(ExecChainElement.java:51)
	at org.apache.hc.client5.http.impl.classic.InternalHttpClient.doExecute(InternalHttpClient.java:185)
	at org.apache.hc.client5.http.impl.classic.CloseableHttpClient.execute(CloseableHttpClient.java:245)
	at org.apache.hc.client5.http.impl.classic.CloseableHttpClient.execute(CloseableHttpClient.java:188)
	at org.owasp.dependencycheck.utils.Downloader.fetchFile(Downloader.java:410)
	... 8 common frames omitted
2026-07-26 07:18:07,074 org.owasp.dependencycheck.data.update.KnownExploitedDataSource:80
INFO  - Updating CISA Known Exploited Vulnerability list: https://www.cisa.gov/sites/default/files/feeds/known_exploited_vulnerabilities.json
2026-07-26 07:18:07,081 org.owasp.dependencycheck.Engine:890
ERROR - java.net.UnknownHostException: No such host is known (www.cisa.gov)
org.owasp.dependencycheck.data.update.exception.UpdateException: java.net.UnknownHostException: No such host is known (www.cisa.gov)
	at org.owasp.dependencycheck.data.update.KnownExploitedDataSource.update(KnownExploitedDataSource.java:106)
	at org.owasp.dependencycheck.Engine.doUpdates(Engine.java:887)
	at org.owasp.dependencycheck.Engine.doUpdates(Engine.java:859)
	at org.owasp.dependencycheck.App.runUpdateOnly(App.java:444)
	at org.owasp.dependencycheck.App.run(App.java:173)
	at org.owasp.dependencycheck.App.main(App.java:88)
Caused by: java.net.UnknownHostException: No such host is known (www.cisa.gov)
	at java.base/java.net.Inet6AddressImpl.lookupAllHostAddr(Native Method)
	at java.base/java.net.InetAddress$PlatformNameService.lookupAllHostAddr(InetAddress.java:934)
	at java.base/java.net.InetAddress.getAddressesFromNameService(InetAddress.java:1543)
	at java.base/java.net.InetAddress$NameServiceAddresses.get(InetAddress.java:852)
	at java.base/java.net.InetAddress.getAllByName0(InetAddress.java:1533)
	at java.base/java.net.InetAddress.getAllByName(InetAddress.java:1385)
	at java.base/java.net.InetAddress.getAllByName(InetAddress.java:1306)
	at org.apache.hc.client5.http.SystemDefaultDnsResolver.resolve(SystemDefaultDnsResolver.java:61)
	at org.apache.hc.client5.http.DnsResolver.resolve(DnsResolver.java:77)
	at org.apache.hc.client5.http.impl.io.DefaultHttpClientConnectionOperator.connect(DefaultHttpClientConnectionOperator.java:202)
	at org.apache.hc.client5.http.impl.io.PoolingHttpClientConnectionManager.connect(PoolingHttpClientConnectionManager.java:547)
	at org.apache.hc.client5.http.impl.classic.InternalExecRuntime.connectEndpoint(InternalExecRuntime.java:164)
	at org.apache.hc.client5.http.impl.classic.InternalExecRuntime.connectEndpoint(InternalExecRuntime.java:174)
	at org.apache.hc.client5.http.impl.classic.ConnectExec.execute(ConnectExec.java:144)
	at org.apache.hc.client5.http.impl.classic.ExecChainElement.execute(ExecChainElement.java:51)
	at org.apache.hc.client5.http.impl.classic.ProtocolExec.execute(ProtocolExec.java:192)
	at org.apache.hc.client5.http.impl.classic.ExecChainElement.execute(ExecChainElement.java:51)
	at org.apache.hc.client5.http.impl.classic.ContentCompressionExec.execute(ContentCompressionExec.java:138)
	at org.apache.hc.client5.http.impl.classic.ExecChainElement.execute(ExecChainElement.java:51)
	at org.apache.hc.client5.http.impl.classic.HttpRequestRetryExec.execute(HttpRequestRetryExec.java:112)
	at org.apache.hc.client5.http.impl.classic.ExecChainElement.execute(ExecChainElement.java:51)
	at org.apache.hc.client5.http.impl.classic.RedirectExec.execute(RedirectExec.java:110)
	at org.apache.hc.client5.http.impl.classic.ExecChainElement.execute(ExecChainElement.java:51)
	at org.apache.hc.client5.http.impl.classic.InternalHttpClient.doExecute(InternalHttpClient.java:185)
	at org.apache.hc.client5.http.impl.classic.CloseableHttpClient.execute(CloseableHttpClient.java:245)
	at org.apache.hc.client5.http.impl.classic.CloseableHttpClient.execute(CloseableHttpClient.java:188)
	at org.owasp.dependencycheck.utils.Downloader.fetchAndHandle(Downloader.java:732)
	at org.owasp.dependencycheck.utils.Downloader.fetchAndHandle(Downloader.java:701)
	at org.owasp.dependencycheck.utils.Downloader.fetchAndHandle(Downloader.java:653)
	at org.owasp.dependencycheck.data.update.KnownExploitedDataSource.update(KnownExploitedDataSource.java:96)
	... 5 common frames omitted
2026-07-26 07:18:07,082 org.owasp.dependencycheck.data.nvdcve.CveDB:312
DEBUG - Closing database
2026-07-26 07:18:07,083 org.owasp.dependencycheck.data.nvdcve.CveDB:314
DEBUG - Cache cleared
2026-07-26 07:27:58,660 org.owasp.dependencycheck.data.nvdcve.CveDB:317
DEBUG - Connection closed
2026-07-26 07:27:58,660 org.owasp.dependencycheck.data.nvdcve.CveDB:323
DEBUG - Resources released
2026-07-26 07:27:58,660 org.owasp.dependencycheck.data.nvdcve.DriverLoader:57
DEBUG - Begin deregister driver
2026-07-26 07:27:58,660 org.owasp.dependencycheck.data.nvdcve.DriverLoader:59
DEBUG - End deregister driver
2026-07-26 07:27:58,664 org.owasp.dependencycheck.utils.WriteLock:240
DEBUG - Lock released (main) 24794742cd46945a7814b0bbf4585ab0 @ 2026-07-26 07:27:58.664
2026-07-26 07:27:58,682 org.owasp.dependencycheck.App:175
ERROR - java.net.UnknownHostException: No such host is known (www.cisa.gov)
org.owasp.dependencycheck.data.update.exception.UpdateException: java.net.UnknownHostException: No such host is known (www.cisa.gov)
	at org.owasp.dependencycheck.data.update.KnownExploitedDataSource.update(KnownExploitedDataSource.java:106)
	at org.owasp.dependencycheck.Engine.doUpdates(Engine.java:887)
	at org.owasp.dependencycheck.Engine.doUpdates(Engine.java:859)
	at org.owasp.dependencycheck.App.runUpdateOnly(App.java:444)
	at org.owasp.dependencycheck.App.run(App.java:173)
	at org.owasp.dependencycheck.App.main(App.java:88)
Caused by: java.net.UnknownHostException: No such host is known (www.cisa.gov)
	at java.base/java.net.Inet6AddressImpl.lookupAllHostAddr(Native Method)
	at java.base/java.net.InetAddress$PlatformNameService.lookupAllHostAddr(InetAddress.java:934)
	at java.base/java.net.InetAddress.getAddressesFromNameService(InetAddress.java:1543)
	at java.base/java.net.InetAddress$NameServiceAddresses.get(InetAddress.java:852)
	at java.base/java.net.InetAddress.getAllByName0(InetAddress.java:1533)
	at java.base/java.net.InetAddress.getAllByName(InetAddress.java:1385)
	at java.base/java.net.InetAddress.getAllByName(InetAddress.java:1306)
	at org.apache.hc.client5.http.SystemDefaultDnsResolver.resolve(SystemDefaultDnsResolver.java:61)
	at org.apache.hc.client5.http.DnsResolver.resolve(DnsResolver.java:77)
	at org.apache.hc.client5.http.impl.io.DefaultHttpClientConnectionOperator.connect(DefaultHttpClientConnectionOperator.java:202)
	at org.apache.hc.client5.http.impl.io.PoolingHttpClientConnectionManager.connect(PoolingHttpClientConnectionManager.java:547)
	at org.apache.hc.client5.http.impl.classic.InternalExecRuntime.connectEndpoint(InternalExecRuntime.java:164)
	at org.apache.hc.client5.http.impl.classic.InternalExecRuntime.connectEndpoint(InternalExecRuntime.java:174)
	at org.apache.hc.client5.http.impl.classic.ConnectExec.execute(ConnectExec.java:144)
	at org.apache.hc.client5.http.impl.classic.ExecChainElement.execute(ExecChainElement.java:51)
	at org.apache.hc.client5.http.impl.classic.ProtocolExec.execute(ProtocolExec.java:192)
	at org.apache.hc.client5.http.impl.classic.ExecChainElement.execute(ExecChainElement.java:51)
	at org.apache.hc.client5.http.impl.classic.ContentCompressionExec.execute(ContentCompressionExec.java:138)
	at org.apache.hc.client5.http.impl.classic.ExecChainElement.execute(ExecChainElement.java:51)
	at org.apache.hc.client5.http.impl.classic.HttpRequestRetryExec.execute(HttpRequestRetryExec.java:112)
	at org.apache.hc.client5.http.impl.classic.ExecChainElement.execute(ExecChainElement.java:51)
	at org.apache.hc.client5.http.impl.classic.RedirectExec.execute(RedirectExec.java:110)
	at org.apache.hc.client5.http.impl.classic.ExecChainElement.execute(ExecChainElement.java:51)
	at org.apache.hc.client5.http.impl.classic.InternalHttpClient.doExecute(InternalHttpClient.java:185)
	at org.apache.hc.client5.http.impl.classic.CloseableHttpClient.execute(CloseableHttpClient.java:245)
	at org.apache.hc.client5.http.impl.classic.CloseableHttpClient.execute(CloseableHttpClient.java:188)
	at org.owasp.dependencycheck.utils.Downloader.fetchAndHandle(Downloader.java:732)
	at org.owasp.dependencycheck.utils.Downloader.fetchAndHandle(Downloader.java:701)
	at org.owasp.dependencycheck.utils.Downloader.fetchAndHandle(Downloader.java:653)
	at org.owasp.dependencycheck.data.update.KnownExploitedDataSource.update(KnownExploitedDataSource.java:96)
	... 5 common frames omitted
2026-07-26 07:27:58,687 org.owasp.dependencycheck.utils.Settings:1016
DEBUG - Deleting ALL temporary files from `C:\Users\jsoni\AppData\Local\Temp\dctemp7ee3822a-db2f-4dc2-a5d2-e13db5e237b3`
2026-07-26 07:27:58,880 org.owasp.dependencycheck.App:89
DEBUG - Exit code: 8
